0,919.8115234375,937.193603515625,0,0,0,0,0,0,0,0,0,0,0,0,0,0,0,0,0,0,6S
0,1011.47216796875,1061.0134887695312,0,1,0,0,0,0,0,0,0,0,0,0,0,0,0,0,0,0,run
0,456.234375,1015.492431640625,0,0,0,0,0,0,0,0,0,0,0,0,0,0,0,0,0,0,6S
-14,261.534423828125,348.60009765625,0,1,0,0,0,0,0,0,0,1,1,1,1,0,0,0,0,1,6S
0,649.094970703125,559.64892578125,1,0,0,0,0,0,0,0,0,0,0,0,0,0,0,0,0,0,f.S
0,238.2303466796875,1155.7945556640625,0,0,0,0,0,0,0,0,0,0,0,0,0,0,0,0,0,0,2K
3,677.7159423828125,1628.0090637207031,0,1,0,0,0,0,0,1,1,1,1,1,1,0,0,1,1,1,f.S
2,729.2227783203125,1576.3821105957031,0,1,0,0,0,0,0,0,1,0,0,0,0,0,0,0,1,0,5H
0,1565.9494018554688,483.619873046875,1,0,0,0,0,0,0,0,1,0,0,0,0,0,0,0,1,0,6S
0,308.043212890625,1212.2056884765625,0,0,0,0,0,0,0,0,0,0,0,0,0,0,0,0,0,0,backdash
0,1172.6904907226562,1252.813232421875,0,0,0,0,0,0,0,0,0,0,0,0,0,0,0,0,0,0,run
0,1087.52001953125,682.489501953125,0,0,0,0,0,0,0,0,0,0,0,0,0,0,0,0,0,0,5H
0,906.762451171875,799.6446533203125,0,0,0,0,0,0,0,0,0,0,0,0,0,0,0,0,0,0,backdash
0,803.057373046875,984.526123046875,0,0,0,0,0,0,0,0,0,0,0,0,0,0,0,0,0,0,run
0,610.79150390625,1507.734375,0,0,0,0,0,0,0,0,0,0,0,0,0,0,0,0,0,0,f.S
0,856.71923828125,56.3697509765625,0,0,0,0,0,0,0,0,0,0,0,0,0,0,0,0,0,0,2S
0,240.9091796875,1370.0352783203125,0,0,0,0,0,0,0,0,0,0,0,0,0,0,0,0,0,0,2K
-2,294.5426025390625,1629.2645874023438,0,1,0,0,0,0,0,0,0,1,1,1,1,0,0,0,0,1,f.S
-2,1579.4198608398438,505.670654296875,1,0,0,0,0,0,0,0,1,0,0,0,0,0,0,0,1,0,6P
0,367.2449951171875,1558.2048645019531,0,0,0,0,0,0,0,0,0,0,0,0,0,0,0,0,0,0,2K
0,251.9154052734375,1649.8228454589844,0,0,0,0,0,0,0,0,0,0,0,0,0,0,0,0,0,0,6S
7,1562.1806640625,135.264404296875,1,0,0,0,0,0,0,0,0,0,0,0,0,0,0,0,0,0,6P
0,929.384033203125,755.714599609375,0,0,0,0,0,0,0,0,0,0,0,0,0,0,0,0,0,0,5K
0,789.0869140625,877.810546875,0,0,0,0,0,0,0,0,0,0,0,0,0,0,0,0,0,0,run
0,312.4056396484375,858.47509765625,0,0,0,0,0,0,0,0,0,0,0,0,0,0,0,0,0,0,6S
0,727.93896484375,318.0567626953125,0,0,0,0,0,0,0,0,0,0,0,0,0,0,0,0,0,0,backdash
0,216.2464599609375,666.76171875,0,0,0,0,0,0,0,0,0,0,0,0,0,0,0,0,0,0,run
0,456.542724609375,38.0262451171875,0,0,0,0,0,0,0,0,0,0,0,0,0,0,0,0,0,0,5K
0,38.0262451171875,456.542724609375,0,0,0,0,0,0,0,0,0,0,0,0,0,0,0,0,0,0,2P
-30,305.9793701171875,145.5634765625,0,1,0,0,0,0,0,0,0,0,0,0,0,0,0,0,0,0,5K
0,161.41650390625,332.776123046875,1,0,0,0,0,0,0,0,0,0,0,0,0,0,0,0,0,0,backdash
0,514.779541015625,969.6778564453125,1,1,0,0,0,0,0,0,0,0,0,0,0,0,0,0,0,0,f.S
0,855.182861328125,926.4699096679688,0,0,0,0,0,0,0,0,0,0,0,0,0,0,0,0,0,0,backdash
0,1189.243408203125,1130.5309448242188,0,0,0,0,0,0,0,0,0,0,0,0,0,0,0,0,0,0,run
0,815.60888671875,1108.0352172851562,0,0,0,0,0,0,0,0,0,0,0,0,0,0,0,0,0,0,2S
0,637.61083984375,725.80615234375,0,0,0,0,0,0,0,0,0,0,0,0,0,0,0,0,0,0,2S
-14,279.089111328125,247.126708984375,0,1,0,0,0,0,0,0,0,1,1,1,1,0,0,0,0,1,6S
7,672.12451171875,155.9156494140625,1,0,0,0,0,0,0,0,0,0,0,0,0,0,0,0,0,0,f.S
0,650.93505859375,499.9111328125,0,1,0,0,0,0,0,0,0,0,0,0,0,0,0,0,0,0,f.S
0,521.7930908203125,48.571533203125,1,0,0,0,0,0,0,0,0,0,0,0,0,0,0,0,0,0,2P
0,1331.2805786132812,1681.809814453125,0,0,0,0,0,0,0,0,0,0,0,0,0,0,0,0,0,0,run
0,1083.2471923828125,1159.406005859375,0,0,0,0,0,0,0,0,0,0,0,0,0,0,0,0,0,0,run
0,768.72412109375,1182.9931640625,0,0,0,0,0,0,0,0,0,0,0,0,0,0,0,0,0,0,2K
0,1062.218017578125,1030.0468139648438,0,0,0,0,0,0,0,0,0,0,0,0,0,0,0,0,0,0,6S
0,937.790771484375,267.2978515625,0,0,0,0,0,0,0,0,0,0,0,0,0,0,0,0,0,0,backdash
0,210.578125,867.086669921875,0,0,0,0,0,0,0,0,0,0,0,0,0,0,0,0,0,0,2K
0,782.659912109375,16.1258544921875,0,0,0,0,0,0,0,0,0,0,0,0,0,0,0,0,0,0,backdash
0,752.313720703125,352.583251953125,0,0,0,0,0,0,0,0,0,0,0,0,0,0,0,0,0,0,f.S
0,480.6881103515625,385.891357421875,0,0,0,0,0,0,0,0,0,0,0,0,0,0,0,0,0,0,f.S
0,743.361083984375,967.1578369140625,0,0,0,0,0,0,0,0,0,0,0,0,0,0,0,0,0,0,run
0,396.704833984375,1289.0525512695312,0,0,0,0,0,0,0,0,0,0,0,0,0,0,0,0,0,0,6S
0,1071.483154296875,1090.895751953125,0,0,0,0,0,0,0,0,0,0,0,0,0,0,0,0,0,0,run
0,717.48681640625,776.835693359375,0,0,0,0,0,0,0,0,0,0,0,0,0,0,0,0,0,0,f.S
0,750.2939453125,68.7603759765625,0,0,0,0,0,0,0,0,0,0,0,0,0,0,0,0,0,0,6P
0,989.110595703125,1161.4794311523438,0,0,0,0,0,0,0,0,0,0,0,0,0,0,0,0,0,0,run
0,557.68896484375,1436.8812561035156,0,0,0,0,0,0,0,0,0,0,0,0,0,0,0,0,0,0,6S
0,799.817626953125,816.5277099609375,0,0,0,0,0,0,0,0,0,0,0,0,0,0,0,0,0,0,run
0,358.3116455078125,154.484619140625,0,0,0,0,0,0,0,0,0,0,0,0,0,0,0,0,0,0,backdash
0,134.39697265625,653.1783447265625,0,0,0,0,0,0,0,0,0,0,0,0,0,0,0,0,0,0,wild throw
0,699.9608154296875,652.552490234375,0,0,0,0,0,0,0,0,0,0,0,0,0,0,0,0,0,0,f.S
-2,739.43115234375,497.6632080078125,1,0,0,0,0,0,0,0,1,0,0,0,0,0,0,0,1,0,6S
2,260.296875,757.253173828125,0,1,0,0,0,0,0,0,1,0,0,0,0,0,0,0,1,0,2K
0,701.520751953125,148.459228515625,0,0,0,0,0,0,0,0,0,0,0,0,0,0,0,0,0,0,DP
0,648.390869140625,653.43603515625,0,0,0,0,0,0,0,0,0,0,0,0,0,0,0,0,0,0,6H
22,1068.0592651367188,203.48291015625,1,0,0,0,0,0,0,0,0,0,0,0,0,0,0,0,0,0,2S
14,531.681884765625,526.353759765625,1,0,0,0,0,0,0,0,0,1,1,1,1,0,0,0,0,1,f.S
0,535.922119140625,60.742431640625,0,0,0,0,0,0,0,0,0,0,0,0,0,0,0,0,0,0,2S
-14,247.455078125,173.1405029296875,0,1,0,0,0,0,0,0,0,1,1,1,1,0,0,0,0,1,6S
2,435.797119140625,736.3270263671875,0,1,0,0,0,0,0,0,1,0,0,0,0,0,0,0,1,0,6S
-7,166.0247802734375,434.677490234375,0,1,0,1,0,0,0,0,0,0,0,0,0,0,0,0,0,0,c.S
0,325.0924072265625,349.308837890625,1,0,1,0,0,0,0,0,0,0,0,0,0,0,0,0,0,0,2H
0,220.6939697265625,41.284423828125,0,0,1,0,0,0,0,0,0,0,0,0,0,0,0,0,0,0,throw
0,214.7421875,1652.3905639648438,0,0,0,1,0,0,0,0,0,0,0,0,0,0,0,0,0,0,run
0,1556.5131530761719,883.596435546875,0,0,1,0,0,0,0,0,0,0,0,0,0,0,0,0,0,0,DP
0,1185.32373046875,1149.2367553710938,1,0,0,0,0,0,0,0,0,0,0,0,0,0,0,0,0,0,backdash
0,1587.1581726074219,1681.78125,0,1,0,0,0,0,0,0,0,0,0,0,0,0,0,0,0,0,run
0,250.043701171875,118.67822265625,0,0,1,0,0,0,0,0,0,0,0,0,0,0,0,0,0,0,throw
0,760.8629150390625,1107.685546875,0,0,0,1,0,0,0,0,0,0,0,0,0,0,0,0,0,0,run
0,50.4599609375,560.478759765625,0,0,0,1,0,0,0,0,0,0,0,0,0,0,0,0,0,0,c.S
0,314.32470703125,266.256103515625,0,0,0,0,0,0,0,0,0,0,0,0,0,0,0,0,0,0,6H
0,654.5888671875,654.616943359375,0,0,0,0,0,0,0,0,0,0,0,0,0,0,0,0,0,0,2D
0,654.616943359375,731.0810546875,0,0,0,0,0,0,0,0,0,0,0,0,0,0,0,0,0,0,f.S
0,578.785888671875,790.543701171875,0,0,0,0,0,0,0,0,0,0,0,0,0,0,0,0,0,0,f.S
0,753.0013427734375,506.802001953125,0,0,0,0,0,0,0,0,0,0,0,0,0,0,0,0,0,0,5K
0,834.669921875,731.8055419921875,0,0,0,0,0,0,0,0,0,0,0,0,0,0,0,0,0,0,f.S
0,734.72900390625,694.826171875,0,0,0,0,0,0,0,0,0,0,0,0,0,0,0,0,0,0,f.S
0,1257.5551147460938,1206.115234375,0,0,0,0,0,0,0,0,0,0,0,0,0,0,0,0,0,0,backdash
0,1174.4833984375,1366.3499755859375,0,0,0,0,0,0,0,0,0,0,0,0,0,0,0,0,0,0,run
0,783.075927734375,1731.5387573242188,0,0,0,0,0,0,0,0,0,0,0,0,0,0,0,0,0,0,6S
0,986.4085083007812,1151.95068359375,0,0,0,0,0,0,0,0,0,0,0,0,0,0,0,0,0,0,2S
0,987.849365234375,910.5880737304688,0,0,0,0,0,0,0,0,0,0,0,0,0,0,0,0,0,0,run
0,827.7978515625,1026.4931640625,0,0,0,0,0,0,0,0,0,0,0,0,0,0,0,0,0,0,run
0,810.7637939453125,312.047119140625,0,0,0,0,0,0,0,0,0,0,0,0,0,0,0,0,0,0,run
0,312.047119140625,810.7637939453125,0,0,0,0,0,0,0,0,0,0,0,0,0,0,0,0,0,0,f.S
0,349.2625732421875,203.868896484375,0,0,0,0,0,0,0,0,0,0,0,0,0,0,0,0,0,0,6P
0,211.5025634765625,1115.314208984375,0,0,0,0,0,0,0,0,0,0,0,0,0,0,0,0,0,0,fafnir
2,1.4072265625,436.857421875,0,1,0,0,0,0,0,0,1,0,0,0,0,0,0,0,1,0,5H
0,1026.97216796875,901.8857421875,1,0,0,0,0,0,0,0,0,0,0,0,0,0,0,0,0,0,run
0,924.7330322265625,639.131103515625,0,1,0,0,0,0,0,0,0,0,0,0,0,0,0,0,0,0,backdash
0,1437.69189453125,1607.980712890625,0,0,0,0,0,0,0,0,0,0,0,0,0,0,0,0,0,0,backdash
0,732.272216796875,1604.51806640625,0,0,0,0,0,0,0,0,0,0,0,0,0,0,0,0,0,0,2S
0,201.482177734375,1604.0361328125,0,0,0,0,0,0,0,0,0,0,0,0,0,0,0,0,0,0,5K
0,293.03662109375,277.9443359375,0,0,0,0,0,0,0,0,0,0,0,0,0,0,0,0,0,0,2S
3,1039.06689453125,1684.21240234375,0,1,0,0,0,0,0,1,1,1,1,1,1,0,0,1,1,1,5H
5,1647.1220703125,845.598388671875,1,0,0,0,0,0,0,0,0,0,0,0,0,0,0,0,0,0,5K
-5,715.03515625,1563.513671875,0,1,0,0,0,0,0,0,0,0,0,0,0,0,0,0,0,0,2S
7,1627.26123046875,1410.852294921875,1,0,0,0,0,0,0,0,1,0,0,0,0,0,0,0,1,0,2K
0,739.1705322265625,889.58837890625,0,0,0,0,0,0,0,0,0,0,0,0,0,0,0,0,0,0,6S
0,577.36279296875,906.25244140625,0,0,0,0,0,0,0,0,0,0,0,0,0,0,0,0,0,0,fafnir
0,1758.46875,1722.823974609375,0,0,0,1,0,0,0,0,0,0,0,0,0,0,0,0,0,0,c.S
3,1296.209716796875,1628.618408203125,0,1,0,0,0,0,0,1,1,1,1,1,1,0,0,1,1,1,2D
-3,1629.275634765625,853.44873046875,1,0,0,0,0,0,0,1,1,1,1,1,1,0,0,1,1,1,5K
3,1299.1943359375,1629.65185546875,0,1,0,0,0,0,0,1,1,1,1,1,1,0,0,1,1,1,5D
-2,1698.071044921875,1426.987060546875,1,0,0,0,0,0,0,0,1,0,0,0,0,0,0,0,1,0,run
2,1426.987060546875,1642.436767578125,0,1,0,0,0,0,0,0,1,0,0,0,0,0,0,0,1,0,5K
-14,1078.41845703125,1687.25927734375,0,1,0,0,0,0,0,0,0,1,1,1,1,0,0,0,0,1,6S
7,1370.36474609375,436.2935791015625,1,0,0,0,0,0,0,0,0,0,0,0,0,0,0,0,0,0,2S
0,950.30029296875,1855.050537109375,0,0,0,1,0,0,0,0,0,0,0,0,0,0,0,0,0,0,run
0,1482.8857421875,1607.750732421875,0,0,0,0,0,0,0,0,0,0,0,0,0,0,0,0,0,0,c.S
3,1142.57275390625,1634.556884765625,0,1,0,0,0,0,0,1,1,1,1,1,1,0,0,1,1,1,f.S
2,1010.6298828125,1629.236083984375,0,1,0,0,0,0,0,0,1,0,0,0,0,0,0,0,1,0,run
0,1553.933837890625,1629.236083984375,0,0,0,0,0,0,0,0,0,0,0,0,0,0,0,0,0,0,throw
3,1147.014404296875,1632.377197265625,0,1,0,0,0,0,0,1,1,1,1,1,1,0,0,1,1,1,f.S
2,1143.464599609375,1576.399658203125,0,1,0,0,0,0,0,0,1,0,0,0,0,0,0,0,1,0,5H
-2,1579.4052734375,963.14111328125,1,0,0,0,0,0,0,0,1,0,0,0,0,0,0,0,1,0,5K
0,1624.107177734375,1518.7592468261719,0,0,0,0,0,0,0,0,0,0,0,0,0,0,0,0,0,0,run
0,1008.237060546875,1445.4476013183594,0,0,0,0,0,0,0,0,0,0,0,0,0,0,0,0,0,0,6S
0,1186.086181640625,1290.406982421875,0,0,0,0,0,0,0,0,0,0,0,0,0,0,0,0,0,0,2S
0,1238.9685668945312,1050.552734375,0,0,0,0,0,0,0,0,0,0,0,0,0,0,0,0,0,0,2S
0,1210.1337890625,1184.1829223632812,0,0,0,0,0,0,0,0,0,0,0,0,0,0,0,0,0,0,run
0,1160.5731811523438,739.6015625,0,0,0,0,0,0,0,0,0,0,0,0,0,0,0,0,0,0,run
0,723.01220703125,627.20751953125,0,0,0,0,0,0,0,0,0,0,0,0,0,0,0,0,0,0,f.S
-2,878.025634765625,360.588134765625,1,0,0,0,0,0,0,0,1,0,0,0,0,0,0,0,1,0,run
2,416.052001953125,912.9940795898438,0,1,0,0,0,0,0,0,1,0,0,0,0,0,0,0,1,0,run
0,155.82373046875,882.1708984375,0,0,0,0,0,0,0,0,0,0,0,0,0,0,0,0,0,0,f.S
2,312.80615234375,649.2071533203125,0,1,0,0,0,0,0,0,1,0,0,0,0,0,0,0,1,0,6S
-2,642.3143310546875,280.7333984375,1,0,0,0,0,0,0,0,1,0,0,0,0,0,0,0,1,0,6P
0,583.595458984375,532.57080078125,0,0,0,1,0,0,0,0,0,0,0,0,0,0,0,0,0,0,c.S
0,376.2373046875,415.1923828125,0,0,1,0,0,0,0,0,0,0,0,0,0,0,0,0,0,0,backdash
2,94.856689453125,290.48291015625,0,1,0,0,0,0,0,0,1,0,0,0,0,0,0,0,1,0,5H
0,1102.4312744140625,12.8782958984375,1,0,0,0,0,0,0,0,0,0,0,0,0,0,0,0,0,0,backdash
11,753.165283203125,454.0399169921875,0,1,0,0,0,0,0,0,0,0,0,0,0,0,0,0,0,0,f.S
2,386.86279296875,683.989990234375,0,1,0,0,0,0,0,0,1,0,0,0,0,0,0,0,1,0,6S
0,1576.9485168457031,1376.3860473632812,1,0,0,0,0,0,0,0,0,0,0,0,0,0,0,0,0,0,5K
0,1424.41259765625,1542.9948120117188,0,0,0,0,0,0,0,0,0,0,0,0,0,0,0,0,0,0,throw
0,1041.9181518554688,1608.0478515625,0,0,0,0,0,0,0,0,0,0,0,0,0,0,0,0,0,0,2K
-2,838.1240234375,1626.2989501953125,0,1,0,0,0,0,0,0,0,1,1,1,1,0,0,0,0,1,2D
0,1543.4819641113281,483.7491455078125,1,0,0,0,0,0,0,0,0,0,0,0,0,0,0,0,0,0,6S
0,249.842529296875,945.38232421875,0,0,0,0,0,0,0,0,0,0,0,0,0,0,0,0,0,0,run
0,507.877197265625,379.609130859375,0,0,0,0,0,0,0,0,0,0,0,0,0,0,0,0,0,0,wild throw
0,379.609130859375,507.877197265625,0,0,0,0,0,0,0,0,0,0,0,0,0,0,0,0,0,0,2P
0,942.5523681640625,948.49658203125,0,0,0,0,0,0,0,0,0,0,0,0,0,0,0,0,0,0,backdash
0,1274.7159423828125,1220.23291015625,0,0,0,0,0,0,0,0,0,0,0,0,0,0,0,0,0,0,6S
0,1062.6343994140625,1234.36962890625,0,0,0,0,0,0,0,0,0,0,0,0,0,0,0,0,0,0,fafnir
0,824.591796875,753.5673828125,0,0,0,0,0,0,0,0,0,0,0,0,0,0,0,0,0,0,run
0,818.9608154296875,43.9931640625,0,0,0,0,0,0,0,0,0,0,0,0,0,0,0,0,0,0,backdash
0,150.9085693359375,1076.0472412109375,0,0,0,0,0,0,0,0,0,0,0,0,0,0,0,0,0,0,6P
0,778.9937744140625,109.697998046875,0,0,0,0,0,0,0,0,0,0,0,0,0,0,0,0,0,0,5K
0,422.3760986328125,1062.36669921875,0,0,0,0,0,0,0,0,0,0,0,0,0,0,0,0,0,0,6S
0,836.424560546875,150.660888671875,0,0,0,0,0,0,0,0,0,0,0,0,0,0,0,0,0,0,backdash
0,1602.84130859375,422.5537109375,0,0,0,0,0,0,0,0,0,0,0,0,0,0,0,0,0,0,2D
0,699.159423828125,1571.3974609375,0,0,0,0,0,0,0,0,0,0,0,0,0,0,0,0,0,0,6S
0,1103.455078125,1246.831787109375,0,0,0,0,0,0,0,0,0,0,0,0,0,0,0,0,0,0,run
0,1264.4529418945312,672.325439453125,0,0,0,0,0,0,0,0,0,0,0,0,0,0,0,0,0,0,run
11,975.04052734375,411.2615966796875,1,0,0,0,0,0,0,0,0,0,0,0,0,0,0,0,0,0,run
0,490.9796142578125,969.475830078125,0,0,0,0,0,0,0,0,0,0,0,0,0,0,0,0,0,0,run
0,352.762939453125,607.702880859375,0,1,0,0,0,0,0,0,0,0,0,0,0,0,0,0,0,0,2K
0,712.8780517578125,591.898193359375,0,0,0,0,0,0,0,0,0,0,0,0,0,0,0,0,0,0,backdash
0,1113.1334838867188,1166.822509765625,0,1,0,0,0,0,0,0,0,0,0,0,0,0,0,0,0,0,run
0,494.7379150390625,1324.982177734375,0,0,0,0,0,0,0,0,0,0,0,0,0,0,0,0,0,0,6S
0,922.503173828125,226.344482421875,1,0,0,0,0,0,0,0,0,0,0,0,0,0,0,0,0,0,DP
0,877.317138671875,1448.4058837890625,0,0,0,0,0,0,0,0,0,0,0,0,0,0,0,0,0,0,run
0,493.218505859375,1291.0372924804688,0,0,0,0,0,0,0,0,0,0,0,0,0,0,0,0,0,0,6S
0,1174.5927124023438,239.785888671875,0,0,0,0,0,0,0,0,0,0,0,0,0,0,0,0,0,0,backdash
0,1159.5892333984375,435.388427734375,0,0,0,0,0,0,0,0,0,0,0,0,0,0,0,0,0,0,run
0,467.173095703125,452.2144775390625,0,0,0,0,0,0,0,0,0,0,0,0,0,0,0,0,0,0,backdash
0,358.4696044921875,937.095703125,0,0,0,0,0,0,0,0,0,0,0,0,0,0,0,0,0,0,6S
-14,241.3953857421875,179.570556640625,0,1,0,0,0,0,0,0,0,1,1,1,1,0,0,0,0,1,6S
-7,630.260498046875,864.530029296875,0,1,0,0,0,0,0,0,0,0,0,0,0,0,0,0,0,0,c.S
3,741.119873046875,1160.716064453125,0,1,0,0,0,0,0,1,1,1,1,1,1,0,0,1,1,1,5D
7,1629.273193359375,377.31884765625,1,0,0,0,0,0,0,0,0,0,0,0,0,0,0,0,0,0,5K
-14,484.08837890625,370.41650390625,0,1,0,0,0,0,0,0,0,1,1,1,1,0,0,0,0,1,throw
0,562.859619140625,1002.85693359375,0,0,0,1,0,0,0,0,0,0,0,0,0,0,0,0,0,0,6S
0,573.078857421875,174.994140625,1,1,1,0,0,0,0,0,0,0,0,0,0,0,0,0,0,0,backdash
0,145.508544921875,739.031982421875,0,0,0,0,0,0,0,0,0,0,0,0,0,0,0,0,0,0,f.S
2,715.262939453125,1329.4833984375,0,1,0,0,0,0,0,0,1,0,0,0,0,0,0,0,1,0,2K
-2,428.93212890625,1349.38671875,0,1,0,0,0,0,0,0,0,1,1,1,1,0,0,0,0,1,6S
0,1497.718505859375,1647.5579833984375,0,0,0,0,0,0,0,0,0,0,0,0,0,0,0,0,0,0,run
7,460.850830078125,418.213134765625,1,0,0,0,0,0,0,0,0,0,0,0,0,0,0,0,0,0,throw
0,654.603271484375,654.60791015625,0,0,0,0,0,0,0,0,0,0,0,0,0,0,0,0,0,0,6H
0,654.60791015625,654.603271484375,0,0,0,0,0,0,0,0,0,0,0,0,0,0,0,0,0,0,backdash
0,394.7540283203125,59.17431640625,0,0,0,0,0,0,0,0,0,0,0,0,0,0,0,0,0,0,c.S
-11,1488.1391906738281,1391.908203125,1,0,0,0,0,0,0,0,0,0,0,0,0,0,0,0,0,0,2P
0,805.501953125,805.521484375,0,0,0,0,0,0,0,0,0,0,0,0,0,0,0,0,0,0,backdash
0,319.931396484375,484.409423828125,0,1,0,0,0,0,0,0,0,0,0,0,0,0,0,0,0,0,2K
-2,554.568603515625,442.783203125,0,1,0,0,0,0,0,0,0,1,1,1,1,0,0,0,0,1,6S
7,449.3017578125,271.008056640625,1,0,0,0,0,0,0,0,0,0,0,0,0,0,0,0,0,0,DP
0,258.777587890625,352.8963623046875,0,1,0,0,0,0,0,0,0,0,0,0,0,0,0,0,0,0,run
0,344.114501953125,408.31982421875,0,0,0,0,0,0,0,0,0,0,0,0,0,0,0,0,0,0,6S
0,800.78662109375,750.818603515625,0,0,0,0,0,0,0,0,0,0,0,0,0,0,0,0,0,0,2S
0,722.10595703125,800.841064453125,0,0,0,0,0,0,0,0,0,0,0,0,0,0,0,0,0,0,6H
0,634.344482421875,639.677978515625,0,0,0,1,0,0,0,0,0,0,0,0,0,0,0,0,0,0,c.S
0,354.707275390625,81.5821533203125,1,0,1,0,0,0,0,0,0,0,0,0,0,0,0,0,0,0,2P
0,480.276611328125,846.287353515625,0,0,0,1,0,0,0,0,0,0,0,0,0,0,0,0,0,0,run
0,135.36767578125,441.0943603515625,0,0,0,1,0,0,0,0,0,0,0,0,0,0,0,0,0,0,2P
0,372.3817138671875,97.168212890625,0,0,0,0,0,0,0,0,0,0,0,0,0,0,0,0,0,0,5K
0,619.57666015625,678.9493408203125,0,0,0,0,0,0,0,0,0,0,0,0,0,0,0,0,0,0,2S
0,629.76416015625,627.18017578125,0,0,0,0,0,0,0,0,0,0,0,0,0,0,0,0,0,0,2S
0,1135.39990234375,1093.861083984375,0,0,0,0,0,0,0,0,0,0,0,0,0,0,0,0,0,0,backdash
0,794.07080078125,1146.3698120117188,0,0,0,0,0,0,0,0,0,0,0,0,0,0,0,0,0,0,2S
0,874.3408203125,685.396728515625,0,0,0,0,0,0,0,0,0,0,0,0,0,0,0,0,0,0,6S
0,835.4853515625,127.7474365234375,0,0,0,0,0,0,0,0,0,0,0,0,0,0,0,0,0,0,backdash
0,683.22119140625,1207.6467895507812,0,0,0,0,0,0,0,0,0,0,0,0,0,0,0,0,0,0,run
0,255.406494140625,1064.3958740234375,0,0,0,0,0,0,0,0,0,0,0,0,0,0,0,0,0,0,2S
0,946.2189331054688,469.196044921875,0,0,0,0,0,0,0,0,0,0,0,0,0,0,0,0,0,0,backdash
0,1103.8264770507812,1064.820068359375,0,0,0,0,0,0,0,0,0,0,0,0,0,0,0,0,0,0,6S
0,1062.428955078125,911.8560180664062,0,0,0,0,0,0,0,0,0,0,0,0,0,0,0,0,0,0,backdash
0,911.8560180664062,1170.01416015625,0,0,0,0,0,0,0,0,0,0,0,0,0,0,0,0,0,0,fafnir
0,736.1494140625,389.935791015625,0,0,0,0,0,0,0,0,0,0,0,0,0,0,0,0,0,0,2S
0,1012.7533569335938,1029.34814453125,0,0,0,0,0,0,0,0,0,0,0,0,0,0,0,0,0,0,run
0,257.4873046875,1014.642578125,0,0,0,0,0,0,0,0,0,0,0,0,0,0,0,0,0,0,f.S
0,692.476806640625,309.70556640625,0,0,0,0,0,0,0,0,0,0,0,0,0,0,0,0,0,0,2S
0,298.9652099609375,951.35302734375,0,0,0,0,0,0,0,0,0,0,0,0,0,0,0,0,0,0,6S
0,533.6680908203125,1243.071044921875,0,1,0,0,0,0,0,0,0,0,0,0,0,0,0,0,0,0,6S
0,1576.8583984375,1157.869873046875,1,0,0,0,0,0,0,0,0,0,0,0,0,0,0,0,0,0,throw
0,1483.533447265625,1723.662353515625,0,0,0,1,0,0,0,0,0,0,0,0,0,0,0,0,0,0,c.S
0,1604.809326171875,1598.916748046875,0,0,1,0,0,0,0,0,0,0,0,0,0,0,0,0,0,0,DP
0,1356.139892578125,941.444091796875,0,0,0,0,0,0,0,0,0,0,0,0,0,0,0,0,0,0,run
0,826.093994140625,1247.97705078125,0,0,0,0,0,0,0,0,0,0,0,0,0,0,0,0,0,0,6S
0,187.530517578125,180.080810546875,1,1,0,0,0,0,0,0,0,0,0,0,0,0,0,0,0,0,wild throw
0,490.25341796875,173.2454833984375,1,0,0,0,0,0,0,0,0,0,0,0,0,0,0,0,0,0,5K
-14,298.188720703125,383.31982421875,0,1,0,0,0,0,0,0,0,1,1,1,1,0,0,0,0,1,6S
14,558.6795654296875,500.0416259765625,1,0,0,0,0,0,0,0,0,1,1,1,1,0,0,0,0,1,DP
0,857.1595458984375,1375.69921875,0,0,0,0,0,0,0,0,0,0,0,0,0,0,0,0,0,0,run
0,1117.655517578125,664.44677734375,0,0,0,0,0,0,0,0,0,0,0,0,0,0,0,0,0,0,backdash
0,1176.977294921875,1195.291015625,0,0,0,0,0,0,0,0,0,0,0,0,0,0,0,0,0,0,run
0,1159.544921875,884.590576171875,0,0,0,0,0,0,0,0,0,0,0,0,0,0,0,0,0,0,6S
0,985.86376953125,802.28173828125,0,0,0,0,0,0,0,0,0,0,0,0,0,0,0,0,0,0,fafnir
2,209.99072265625,514.216064453125,0,1,0,0,0,0,0,0,1,0,0,0,0,0,0,0,1,0,2K
-2,581.47412109375,535.711669921875,0,1,0,0,0,0,0,0,0,1,1,1,1,0,0,0,0,1,6S
2,727.160400390625,198.9688720703125,1,0,0,0,0,0,0,0,0,1,1,1,1,0,0,0,0,1,DP
0,999.5151977539062,1443.34619140625,0,0,0,0,0,0,0,0,0,0,0,0,0,0,0,0,0,0,run
0,601.15283203125,1457.72216796875,0,0,0,0,0,0,0,0,0,0,0,0,0,0,0,0,0,0,6S
0,1152.3232421875,613.126953125,0,0,0,0,0,0,0,0,0,0,0,0,0,0,0,0,0,0,backdash
0,929.379638671875,937.6459350585938,0,0,0,0,0,0,0,0,0,0,0,0,0,0,0,0,0,0,6S
0,1040.1806030273438,615.64990234375,0,0,0,0,0,0,0,0,0,0,0,0,0,0,0,0,0,0,run
0,1001.64599609375,607.6395263671875,0,0,0,0,0,0,0,0,0,0,0,0,0,0,0,0,0,0,backdash
0,366.4703369140625,1492.0830078125,0,0,0,0,0,0,0,0,0,0,0,0,0,0,0,0,0,0,6S
0,1003.596435546875,285.47265625,0,0,0,0,0,0,0,0,0,0,0,0,0,0,0,0,0,0,6S
-17,1679.351806640625,1414.4927978515625,0,1,0,0,0,0,0,0,0,0,0,0,0,0,0,0,0,0,run
0,1392.1705322265625,1037.18408203125,1,0,0,0,0,0,0,0,0,0,0,0,0,0,0,0,0,0,run
-14,387.057861328125,142.6259765625,0,1,0,0,0,0,0,0,0,1,1,1,1,0,0,0,0,1,6S
-7,171.174072265625,690.6781005859375,0,1,0,0,0,0,0,0,0,0,0,0,0,0,0,0,0,0,run
0,49.6485595703125,726.1771240234375,0,0,0,0,0,0,0,0,0,0,0,0,0,0,0,0,0,0,f.S
7,478.9886474609375,394.4061279296875,1,0,0,0,0,0,0,0,0,0,0,0,0,0,0,0,0,0,backdash
0,679.1688232421875,304.082763671875,0,0,0,0,0,0,0,0,0,0,0,0,0,0,0,0,0,0,f.S
2,22.4443359375,431.30029296875,0,1,0,0,0,0,0,0,1,0,0,0,0,0,0,0,1,0,5H
5,844.590576171875,550.2220458984375,1,0,0,0,0,0,0,0,0,0,0,0,0,0,0,0,0,0,6P
-5,551.5321044921875,734.814453125,0,1,0,0,0,0,0,0,0,0,0,0,0,0,0,0,0,0,6S
0,357.7176513671875,257.687255859375,0,0,0,0,0,0,0,0,0,0,0,0,0,0,0,0,0,0,throw
0,746.35302734375,1171.1235961914062,0,0,0,1,0,0,0,0,0,0,0,0,0,0,0,0,0,0,run
0,327.7557373046875,470.56787109375,0,0,0,1,0,0,0,0,0,0,0,0,0,0,0,0,0,0,5K
0,819.120849609375,1023.24609375,0,0,1,0,0,0,0,0,0,0,0,0,0,0,0,0,0,0,run
0,814.754638671875,332.071533203125,0,0,0,0,0,0,0,0,0,0,0,0,0,0,0,0,0,0,6S
0,1289.815185546875,1672.7930908203125,0,0,0,0,0,0,0,0,0,0,0,0,0,0,0,0,0,0,run
0,1289.6484375,1226.9932250976562,0,0,0,0,0,0,0,0,0,0,0,0,0,0,0,0,0,0,backdash
0,1167.4419555664062,1666.749755859375,0,0,0,0,0,0,0,0,0,0,0,0,0,0,0,0,0,0,6S
0,1019.5701904296875,1706.218994140625,0,0,0,0,0,0,0,0,0,0,0,0,0,0,0,0,0,0,fafnir
0,1361.3224487304688,1175.04736328125,0,0,0,0,0,0,0,0,0,0,0,0,0,0,0,0,0,0,6S
0,1172.6228637695312,1161.178466796875,0,0,0,0,0,0,0,0,0,0,0,0,0,0,0,0,0,0,fafnir
0,685.449462890625,263.7568359375,0,0,0,0,0,0,0,0,0,0,0,0,0,0,0,0,0,0,6P
0,821.2745361328125,317.555419921875,0,0,0,0,0,0,0,0,0,0,0,0,0,0,0,0,0,0,backdash
0,1176.25048828125,1319.154052734375,0,0,0,0,0,0,0,0,0,0,0,0,0,0,0,0,0,0,run
0,891.0966796875,373.696533203125,0,0,0,0,0,0,0,0,0,0,0,0,0,0,0,0,0,0,6H
0,494.177978515625,691.86474609375,0,0,0,0,0,0,0,0,0,0,0,0,0,0,0,0,0,0,2S
0,772.3731689453125,736.3310546875,0,0,1,0,0,0,0,0,0,0,0,0,0,0,0,0,0,0,backdash
0,654.609130859375,654.607421875,0,0,0,0,0,0,0,0,0,0,0,0,0,0,0,0,0,0,6H
22,1216.1742553710938,268.091796875,1,0,0,0,0,0,0,0,0,0,0,0,0,0,0,0,0,0,6H
0,1128.2763671875,1100.8980102539062,0,1,1,0,0,0,0,0,0,0,0,0,0,0,0,0,0,0,backdash
0,1123.1739501953125,1372.80615234375,0,0,0,0,0,0,0,0,0,0,0,0,0,0,0,0,0,0,run
0,1448.181640625,908.076904296875,0,0,0,0,0,0,0,0,0,0,0,0,0,0,0,0,0,0,run
0,529.627685546875,589.3447265625,0,0,0,0,0,0,0,0,0,0,0,0,0,0,0,0,0,0,6S
-7,378.9307861328125,66.2698974609375,0,1,0,0,0,0,0,0,0,0,0,0,0,0,0,0,0,0,5K
7,641.958740234375,982.91552734375,1,0,0,1,0,0,0,0,0,0,0,0,0,0,0,0,0,0,6S
0,838.604736328125,76.60791015625,0,0,1,0,0,0,0,0,0,0,0,0,0,0,0,0,0,0,5K
0,366.996337890625,650.971923828125,0,0,0,0,0,0,0,0,0,0,0,0,0,0,0,0,0,0,wild throw
0,497.146728515625,366.543212890625,0,0,0,0,0,0,0,0,0,0,0,0,0,0,0,0,0,0,backdash
0,403.0394287109375,497.146728515625,0,0,0,0,0,0,0,0,0,0,0,0,0,0,0,0,0,0,wild throw
0,459.4102783203125,102.6143798828125,0,0,0,0,0,0,0,0,0,0,0,0,0,0,0,0,0,0,5K
0,1550.47412109375,1450.659912109375,0,0,0,0,0,0,0,0,0,0,0,0,0,0,0,0,0,0,6P
0,1452.49609375,1607.06494140625,0,0,0,0,0,0,0,0,0,0,0,0,0,0,0,0,0,0,wild throw
0,832.0771484375,715.96044921875,0,0,0,0,0,0,0,0,0,0,0,0,0,0,0,0,0,0,run
0,238.8143310546875,687.4091796875,0,0,0,0,0,0,0,0,0,0,0,0,0,0,0,0,0,0,f.S
0,758.117919921875,392.7078857421875,0,0,0,0,0,0,0,0,0,0,0,0,0,0,0,0,0,0,f.S
0,392.4970703125,402.1953125,0,0,0,0,0,0,0,0,0,0,0,0,0,0,0,0,0,0,backdash
0,869.01123046875,677.035400390625,0,0,0,0,0,0,0,0,0,0,0,0,0,0,0,0,0,0,run
0,33.2139892578125,553.030029296875,0,0,0,0,0,0,0,0,0,0,0,0,0,0,0,0,0,0,f.S
0,223.748046875,1502.83203125,0,0,0,0,0,0,0,0,0,0,0,0,0,0,0,0,0,0,6S
-14,1091.568603515625,1595.0576171875,0,1,0,0,0,0,0,0,0,1,1,1,1,0,0,0,0,1,6S
7,1563.4873046875,984.315185546875,1,0,0,0,0,0,0,0,0,0,0,0,0,0,0,0,0,0,2K
0,48.917236328125,1638.661376953125,0,0,0,0,0,0,0,0,0,0,0,0,0,0,0,0,0,0,f.S
0,1604.0068359375,599.572021484375,0,0,0,0,0,0,0,0,0,0,0,0,0,0,0,0,0,0,backdash
0,1683.373291015625,353.944091796875,0,0,0,0,0,0,0,0,0,0,0,0,0,0,0,0,0,0,run
0,288.3154296875,1290.748046875,0,0,0,0,0,0,0,0,0,0,0,0,0,0,0,0,0,0,f.S
2,999.89453125,1518.6455078125,0,1,0,0,0,0,0,0,1,0,0,0,0,0,0,0,1,0,5H
-2,1591.279296875,757.575927734375,1,0,0,0,0,0,0,0,1,0,0,0,0,0,0,0,1,0,f.S
0,1085.354736328125,1233.075439453125,0,0,0,0,0,0,0,0,0,0,0,0,0,0,0,0,0,0,c.S
3,1297.46533203125,1627.92822265625,0,1,0,0,0,0,0,1,1,1,1,1,1,0,0,1,1,1,2D
0,1172.642822265625,1168.6271362304688,0,0,0,0,0,0,0,0,0,0,0,0,0,0,0,0,0,0,backdash
0,1426.944580078125,1358.340576171875,0,0,0,0,0,0,0,0,0,0,0,0,0,0,0,0,0,0,run
0,1364.6948852539062,922.78369140625,0,0,0,0,0,0,0,0,0,0,0,0,0,0,0,0,0,0,run
0,892.455810546875,990.720458984375,0,0,0,0,0,0,0,0,0,0,0,0,0,0,0,0,0,0,6S
0,1011.001953125,131.6307373046875,0,0,0,0,0,0,0,0,0,0,0,0,0,0,0,0,0,0,backdash
0,1295.266845703125,698.9000244140625,0,0,0,0,0,0,0,0,0,0,0,0,0,0,0,0,0,0,run
0,416.06640625,1109.06396484375,0,0,0,0,0,0,0,0,0,0,0,0,0,0,0,0,0,0,6S
7,948.7316284179688,440.71435546875,1,0,0,0,0,0,0,0,0,0,0,0,0,0,0,0,0,0,f.S
-2,615.042236328125,389.6065673828125,1,0,0,0,0,0,0,0,1,0,0,0,0,0,0,0,1,0,backdash
2,398.914306640625,711.726806640625,0,1,0,0,0,0,0,0,1,0,0,0,0,0,0,0,1,0,run
0,210.691650390625,753.2138671875,0,0,0,0,0,0,0,0,0,0,0,0,0,0,0,0,0,0,f.S
0,724.075927734375,210.691650390625,0,0,0,0,0,0,0,0,0,0,0,0,0,0,0,0,0,0,run
0,384.661865234375,84.8089599609375,0,0,0,0,0,0,0,0,0,0,0,0,0,0,0,0,0,0,f.S
0,658.125,1645.61376953125,0,0,0,0,0,0,0,0,0,0,0,0,0,0,0,0,0,0,run
0,1749.723876953125,1625.200439453125,0,0,0,0,0,0,0,0,0,0,0,0,0,0,0,0,0,0,throw
0,1173.456787109375,1707.7314453125,0,0,0,1,0,0,0,0,0,0,0,0,0,0,0,0,0,0,2D
0,421.1201171875,739.279052734375,0,0,0,1,0,0,0,0,0,0,0,0,0,0,0,0,0,0,2P
2,1428.240234375,419.611328125,1,0,0,0,1,0,0,0,0,0,1,1,1,1,0,0,0,0,2K
0,524.139404296875,1604.482421875,0,0,0,0,0,0,0,0,0,0,0,0,0,0,0,0,0,0,f.S
0,1604.253173828125,777.61572265625,0,0,0,0,0,0,0,0,0,0,0,0,0,0,0,0,0,0,f.S
0,648.3895263671875,653.44677734375,0,0,0,0,0,0,0,0,0,0,0,0,0,0,0,0,0,0,6H
0,945.744384765625,320.671875,1,0,0,0,0,0,0,0,0,0,0,0,0,0,0,0,0,0,6S
7,579.7044677734375,408.150146484375,1,0,0,0,0,0,0,0,0,0,0,0,0,0,0,0,0,0,backdash
-7,527.056396484375,1170.7930908203125,0,1,0,0,0,0,0,0,0,0,0,0,0,0,0,0,0,0,2S
0,768.2138671875,830.05078125,0,0,0,0,0,0,0,0,0,0,0,0,0,0,0,0,0,0,6S
0,589.9976806640625,798.320556640625,0,0,0,0,0,0,0,0,0,0,0,0,0,0,0,0,0,0,fafnir
0,690.8076171875,549.3193359375,0,0,0,1,0,0,0,0,0,0,0,0,0,0,0,0,0,0,c.S
3,228.6689453125,546.773681640625,0,1,0,0,0,0,0,1,1,1,1,1,1,0,0,1,1,1,2D
4,1647.11767578125,1207.528076171875,1,0,0,0,0,0,0,0,0,0,0,0,0,0,0,0,0,0,5K
-14,1590.529541015625,1243.95166015625,0,1,0,0,0,0,0,0,0,1,1,1,1,0,0,0,0,1,6S
14,686.43603515625,699.220458984375,1,1,0,0,0,0,0,0,0,0,0,0,0,0,0,0,0,0,5K
0,503.42333984375,1286.3890991210938,0,0,0,0,0,0,0,0,0,0,0,0,0,0,0,0,0,0,6S
0,443.25146484375,1270.4833984375,0,0,0,0,0,0,0,0,0,0,0,0,0,0,0,0,0,0,fafnir
0,1478.0632934570312,1423.9901123046875,0,0,0,1,0,0,0,0,0,0,0,0,0,0,0,0,0,0,c.S
3,1274.8607177734375,1579.970458984375,0,1,0,1,0,0,0,1,1,1,1,1,1,0,0,1,1,1,f.S
0,923.1387939453125,1629.2549438476562,0,1,0,1,0,0,0,0,0,0,0,0,0,0,0,0,0,0,2K
-2,720.627685546875,1687.269775390625,0,1,0,1,0,0,0,0,0,1,1,1,1,0,0,0,0,1,6S
7,1412.20751953125,1681.802001953125,1,0,0,0,0,0,0,0,0,0,0,0,0,0,0,0,0,0,run
0,1015.4527587890625,1277.90234375,0,0,0,0,0,0,0,0,0,0,0,0,0,0,0,0,0,0,backdash
0,1438.431396484375,1421.0680236816406,0,0,0,0,0,0,0,0,0,0,0,0,0,0,0,0,0,0,run
0,291.9815673828125,1497.852294921875,0,0,0,0,0,0,0,0,0,0,0,0,0,0,0,0,0,0,6S
0,1066.460205078125,490.4541015625,0,0,0,0,0,0,0,0,0,0,0,0,0,0,0,0,0,0,backdash
0,799.8165283203125,799.81884765625,0,0,0,0,0,0,0,0,0,0,0,0,0,0,0,0,0,0,backdash
0,802.8681640625,1201.4364624023438,0,0,0,0,0,0,0,0,0,0,0,0,0,0,0,0,0,0,run
0,463.3046875,1037.0415649414062,0,0,0,0,0,0,0,0,0,0,0,0,0,0,0,0,0,0,6S
0,805.5157470703125,805.5107421875,0,0,0,0,0,0,0,0,0,0,0,0,0,0,0,0,0,0,backdash
0,1350.8909912109375,1212.086669921875,0,0,0,0,0,0,0,0,0,0,0,0,0,0,0,0,0,0,run
0,1263.649169921875,732.6123046875,0,0,0,0,0,0,0,0,0,0,0,0,0,0,0,0,0,0,run
0,577.9351806640625,779.8564453125,0,0,0,0,0,0,0,0,0,0,0,0,0,0,0,0,0,0,6S
0,1576.8564453125,1276.620361328125,0,0,0,0,0,0,0,0,0,0,0,0,0,0,0,0,0,0,5K
-14,1590.531494140625,1251.648193359375,0,1,0,0,0,0,0,0,0,1,1,1,1,0,0,0,0,1,6S
-7,1523.674072265625,697.35400390625,0,1,0,0,0,0,0,0,0,0,0,0,0,0,0,0,0,0,run
0,677.855712890625,449.623046875,0,0,0,0,0,0,0,0,0,0,0,0,0,0,0,0,0,0,6H
0,571.1815185546875,726.83447265625,0,0,1,0,0,0,0,0,0,0,0,0,0,0,0,0,0,0,5K
0,801.593994140625,805.142578125,0,0,0,0,0,0,0,0,0,0,0,0,0,0,0,0,0,0,6H
0,761.9656982421875,285.310302734375,0,0,0,0,0,0,0,0,0,0,0,0,0,0,0,0,0,0,backdash
0,1007.14404296875,1023.195068359375,0,0,0,0,0,0,0,0,0,0,0,0,0,0,0,0,0,0,6P
0,1154.18017578125,672.2008056640625,0,0,0,0,0,0,0,0,0,0,0,0,0,0,0,0,0,0,2S
0,1135.54638671875,1030.596923828125,0,0,0,0,0,0,0,0,0,0,0,0,0,0,0,0,0,0,2P
0,1105.6123046875,615.7342529296875,0,0,0,0,0,0,0,0,0,0,0,0,0,0,0,0,0,0,6H
0,522.0465087890625,1031.1552734375,0,0,0,0,0,0,0,0,0,0,0,0,0,0,0,0,0,0,6S
0,473.63134765625,613.90576171875,0,0,1,0,0,0,0,0,0,0,0,0,0,0,0,0,0,0,5K
0,615.731201171875,562.8756103515625,0,0,0,0,0,0,0,0,0,0,0,0,0,0,0,0,0,0,f.S
0,1576.8291320800781,778.8123779296875,0,0,0,0,0,0,0,0,0,0,0,0,0,0,0,0,0,0,5K
-14,1590.5035705566406,806.8138427734375,0,1,0,0,0,0,0,0,0,1,1,1,1,0,0,0,0,1,6S
14,333.923583984375,699.1964111328125,1,0,0,0,0,0,0,0,0,1,1,1,1,0,0,0,0,1,2S
0,197.1060791015625,1668.740478515625,0,0,0,0,0,0,0,0,0,0,0,0,0,0,0,0,0,0,run
0,320.931640625,1601.723876953125,0,0,0,0,0,0,0,0,0,0,0,0,0,0,0,0,0,0,f.S
2,1226.870361328125,1576.4365234375,0,1,0,0,0,0,0,0,1,0,0,0,0,0,0,0,1,0,5H
-5,123.6009521484375,1579.44384765625,0,1,0,0,0,0,0,0,0,0,0,0,0,0,0,0,0,0,2S
0,115.612548828125,1585.8994140625,0,0,0,0,0,0,0,0,0,0,0,0,0,0,0,0,0,0,fafnir
30,228.8291015625,215.7962646484375,1,0,0,0,0,0,0,0,0,0,0,0,0,0,0,0,0,0,c.S
0,701.001953125,698.16748046875,0,0,0,1,0,0,0,0,0,0,0,0,0,0,0,0,0,0,2S
0,632.7034912109375,657.703369140625,0,0,0,0,0,0,0,0,0,0,0,0,0,0,0,0,0,0,f.S
0,918.9277954101562,1017.389892578125,0,0,0,0,0,0,0,0,0,0,0,0,0,0,0,0,0,0,backdash
0,1017.389892578125,918.9277954101562,0,0,0,0,0,0,0,0,0,0,0,0,0,0,0,0,0,0,run
0,25.2144775390625,1053.6513671875,0,0,0,0,0,0,0,0,0,0,0,0,0,0,0,0,0,0,2K
0,1003.8240356445312,183.18798828125,0,0,0,0,0,0,0,0,0,0,0,0,0,0,0,0,0,0,backdash
0,553.3310546875,987.4915771484375,0,0,0,0,0,0,0,0,0,0,0,0,0,0,0,0,0,0,f.S
0,852.7752685546875,211.70361328125,0,0,0,0,0,0,0,0,0,0,0,0,0,0,0,0,0,0,f.S
0,1280.4925537109375,1637.018798828125,0,0,0,0,0,0,0,0,0,0,0,0,0,0,0,0,0,0,run
0,799.485107421875,1066.545166015625,0,0,0,1,0,0,0,0,0,0,0,0,0,0,0,0,0,0,fafnir
0,232.969970703125,252.3023681640625,1,0,0,0,0,0,0,0,0,0,0,0,0,0,0,0,0,0,2P
-2,254.62841796875,298.8992919921875,0,1,0,0,1,0,0,0,0,0,1,1,1,1,0,0,0,0,6P
-11,734.09765625,995.8037109375,0,1,0,0,0,0,0,0,0,0,0,0,0,0,0,0,0,0,6P
0,959.73291015625,987.8448486328125,0,0,0,0,0,0,0,0,0,0,0,0,0,0,0,0,0,0,backdash
0,1288.061767578125,1222.442138671875,0,0,0,0,0,0,0,0,0,0,0,0,0,0,0,0,0,0,run
0,713.464111328125,1286.8177490234375,0,0,0,0,0,0,0,0,0,0,0,0,0,0,0,0,0,0,2S
0,759.721435546875,681.19873046875,0,0,0,0,0,0,0,0,0,0,0,0,0,0,0,0,0,0,6P
11,614.2286376953125,697.3251953125,1,0,0,0,0,0,0,0,0,0,0,0,0,0,0,0,0,0,6P
0,621.962890625,552.4342041015625,0,0,0,0,0,0,0,0,0,0,0,0,0,0,0,0,0,0,2S
0,446.219482421875,1642.4532165527344,0,0,0,0,0,0,0,0,0,0,0,0,0,0,0,0,0,0,fafnir
0,591.485595703125,738.1754150390625,0,0,0,0,0,0,0,0,0,0,0,0,0,0,0,0,0,0,backdash
0,1027.11181640625,568.8548583984375,0,0,0,0,0,0,0,0,0,0,0,0,0,0,0,0,0,0,fafnir
0,821.742919921875,153.4267578125,0,0,0,0,0,0,0,0,0,0,0,0,0,0,0,0,0,0,backdash
0,9.98828125,1193.7646484375,0,0,0,0,0,0,0,0,0,0,0,0,0,0,0,0,0,0,backdash
0,995.387451171875,1199.6788940429688,0,0,0,0,0,0,0,0,0,0,0,0,0,0,0,0,0,0,f.S
0,1006.3598022460938,355.193603515625,0,0,0,0,0,0,0,0,0,0,0,0,0,0,0,0,0,0,run
0,264.2998046875,575.108642578125,0,0,0,0,0,0,0,0,0,0,0,0,0,0,0,0,0,0,2K
2,1253.6497802734375,1030.73828125,0,1,0,0,0,0,0,0,1,0,0,0,0,0,0,0,1,0,run
0,613.4140625,1154.00439453125,0,0,0,0,0,0,0,0,0,0,0,0,0,0,0,0,0,0,backdash
0,1154.376220703125,1002.4907836914062,1,0,0,0,0,0,0,0,1,0,0,0,0,0,0,0,1,0,backdash
0,1454.1214904785156,1479.61767578125,0,0,0,0,0,0,0,0,0,0,0,0,0,0,0,0,0,0,run
0,1418.79345703125,1177.6878051757812,0,0,0,0,0,0,0,0,0,0,0,0,0,0,0,0,0,0,6S
0,1251.34619140625,1144.187744140625,0,0,0,0,0,0,0,0,0,0,0,0,0,0,0,0,0,0,fafnir
0,778.8790283203125,373.484619140625,0,0,0,0,0,0,0,0,0,0,0,0,0,0,0,0,0,0,6S
0,271.898193359375,601.975341796875,0,0,0,0,0,0,0,0,0,0,0,0,0,0,0,0,0,0,c.S
0,322.0224609375,352.08349609375,0,0,0,0,0,0,0,0,0,0,0,0,0,0,0,0,0,0,throw
0,1216.0849609375,1641.275146484375,0,0,0,0,0,0,0,0,0,0,0,0,0,0,0,0,0,0,5K
0,116.497802734375,338.578857421875,0,0,0,1,0,0,0,0,0,0,0,0,0,0,0,0,0,0,2K
-2,283.2015380859375,172.2841796875,0,1,0,0,0,0,0,0,0,1,1,1,1,0,0,0,0,1,2D
0,598.154052734375,596.619384765625,0,1,0,0,0,0,0,0,0,0,0,0,0,0,0,0,0,0,run
0,527.00439453125,21.637451171875,1,0,0,0,0,0,0,0,0,0,0,0,0,0,0,0,0,0,2S
0,204.328125,424.239013671875,0,0,0,0,0,0,0,0,0,0,0,0,0,0,0,0,0,0,throw
0,19.9410400390625,606.22314453125,0,0,0,1,0,0,0,0,0,0,0,0,0,0,0,0,0,0,c.S
0,241.9775390625,267.246337890625,0,0,1,0,0,0,0,0,0,0,0,0,0,0,0,0,0,0,DP
0,789.87353515625,1079.0899047851562,0,0,0,1,0,0,0,0,0,0,0,0,0,0,0,0,0,0,run
0,457.3372802734375,312.905029296875,0,0,0,0,0,0,0,0,0,0,0,0,0,0,0,0,0,0,2P
-2,469.309326171875,708.308837890625,0,1,0,0,1,0,0,0,0,0,1,1,1,1,0,0,0,0,f.S
0,724.551513671875,81.2857666015625,1,0,0,0,1,0,0,0,0,0,1,1,1,1,0,0,0,0,backdash
0,924.0673828125,665.5235595703125,0,0,0,0,0,0,0,0,0,0,0,0,0,0,0,0,0,0,backdash
0,901.302001953125,1568.69775390625,0,0,0,0,0,0,0,0,0,0,0,0,0,0,0,0,0,0,2S
0,1185.2138671875,952.076416015625,0,0,0,0,0,0,0,0,0,0,0,0,0,0,0,0,0,0,fafnir
0,301.9761962890625,1389.26953125,0,0,0,0,0,0,0,0,0,0,0,0,0,0,0,0,0,0,6S
0,1038.856689453125,356.01806640625,0,0,0,0,0,0,0,0,0,0,0,0,0,0,0,0,0,0,backdash
0,852.431640625,1061.242919921875,0,0,0,0,0,0,0,0,0,0,0,0,0,0,0,0,0,0,f.S
0,1225.4981689453125,1048.8037109375,0,0,0,0,0,0,0,0,0,0,0,0,0,0,0,0,0,0,6S
0,1048.750732421875,624.453369140625,0,0,0,0,0,0,0,0,0,0,0,0,0,0,0,0,0,0,backdash
0,1098.798583984375,1371.948486328125,0,0,0,0,0,0,0,0,0,0,0,0,0,0,0,0,0,0,backdash
0,1077.947998046875,1632.595703125,0,0,0,0,0,0,0,0,0,0,0,0,0,0,0,0,0,0,run
30,456.314453125,352.2767333984375,1,0,0,0,0,0,0,0,0,0,0,0,0,0,0,0,0,0,run
0,36.9124755859375,288.271728515625,0,0,0,0,0,0,0,0,0,0,0,0,0,0,0,0,0,0,c.S
0,653.43603515625,653.4775390625,0,0,0,0,0,0,0,0,0,0,0,0,0,0,0,0,0,0,run
0,294.0767822265625,652.86083984375,0,0,0,0,0,0,0,0,0,0,0,0,0,0,0,0,0,0,backdash
0,909.422607421875,1113.908203125,0,0,0,0,0,0,0,0,0,0,0,0,0,0,0,0,0,0,2S
0,1109.509765625,892.287841796875,0,0,0,0,0,0,0,0,0,0,0,0,0,0,0,0,0,0,run
0,621.737060546875,651.014892578125,0,0,0,0,0,0,0,0,0,0,0,0,0,0,0,0,0,0,run
0,123.0877685546875,599.8466796875,0,0,0,0,0,0,0,0,0,0,0,0,0,0,0,0,0,0,f.S
0,599.8466796875,123.0877685546875,0,0,0,0,0,0,0,0,0,0,0,0,0,0,0,0,0,0,2S
0,784.3912353515625,810.954833984375,0,0,0,0,0,0,0,0,0,0,0,0,0,0,0,0,0,0,run
0,199.1083984375,859.704345703125,0,0,0,0,0,0,0,0,0,0,0,0,0,0,0,0,0,0,f.S
3,1144.41064453125,1629.78271484375,0,1,0,0,0,0,0,1,1,1,1,1,1,0,0,1,1,1,f.S
2,1152.704833984375,1632.32275390625,0,1,0,0,0,0,0,0,1,0,0,0,0,0,0,0,1,0,5H
-2,1629.2880859375,1004.4482421875,1,0,0,0,0,0,0,0,1,0,0,0,0,0,0,0,1,0,5K
0,1561.053466796875,1128.7267456054688,0,0,0,0,0,0,0,0,0,0,0,0,0,0,0,0,0,0,run
0,823.656494140625,891.275390625,0,0,0,0,0,0,0,0,0,0,0,0,0,0,0,0,0,0,throw
0,452.0380859375,1635.395751953125,0,0,0,1,0,0,0,0,0,0,0,0,0,0,0,0,0,0,run
0,1638.709716796875,1206.844970703125,0,0,0,0,0,0,0,0,0,0,0,0,0,0,0,0,0,0,backdash
0,1046.459228515625,1907.526611328125,0,0,0,0,0,0,0,0,0,0,0,0,0,0,0,0,0,0,c.S
0,758.634765625,305.5897216796875,0,0,0,0,0,0,0,0,0,0,0,0,0,0,0,0,0,0,2S
0,357.673583984375,651.825927734375,0,0,0,0,0,0,0,0,0,0,0,0,0,0,0,0,0,0,2D
0,824.3836669921875,586.814208984375,0,0,0,0,0,0,0,0,0,0,0,0,0,0,0,0,0,0,DP
0,717.013671875,276.7178955078125,0,0,0,0,0,0,0,0,0,0,0,0,0,0,0,0,0,0,run
0,373.5260009765625,321.135498046875,0,0,0,0,0,0,0,0,0,0,0,0,0,0,0,0,0,0,throw
0,1329.050048828125,1182.4786376953125,0,0,0,0,0,0,0,0,0,0,0,0,0,0,0,0,0,0,throw
0,1615.6417846679688,1265.1891479492188,0,0,1,0,0,0,0,0,0,0,0,0,0,0,0,0,0,0,5K
0,1679.3478698730469,1363.563720703125,0,0,0,0,0,0,0,0,0,0,0,0,0,0,0,0,0,0,run
0,1667.15380859375,1421.9654846191406,0,0,0,0,0,0,0,0,0,0,0,0,0,0,0,0,0,0,run
0,974.584228515625,838.707275390625,0,0,0,0,0,0,0,0,0,0,0,0,0,0,0,0,0,0,run
0,365.50341796875,671.8575439453125,0,0,0,0,0,0,0,0,0,0,0,0,0,0,0,0,0,0,f.S
0,615.566650390625,71.1429443359375,0,0,0,0,0,0,0,0,0,0,0,0,0,0,0,0,0,0,2P
0,238.9742431640625,361.962890625,0,0,0,0,0,0,0,0,0,0,0,0,0,0,0,0,0,0,2P
-2,352.39599609375,569.4716796875,0,1,0,0,1,0,0,0,0,0,1,1,1,1,0,0,0,0,6S
7,413.8564453125,19.328125,1,0,0,0,0,0,0,0,0,0,0,0,0,0,0,0,0,0,5K
0,654.607421875,654.60888671875,0,0,0,0,0,0,0,0,0,0,0,0,0,0,0,0,0,0,2S
0,864.297119140625,638.9599609375,0,0,0,0,0,0,0,0,0,0,0,0,0,0,0,0,0,0,run
0,1287.3513793945312,1119.6162109375,0,0,0,0,0,0,0,0,0,0,0,0,0,0,0,0,0,0,backdash
0,744.4368896484375,141.197021484375,0,0,0,0,0,0,0,0,0,0,0,0,0,0,0,0,0,0,6S
0,532.37646484375,95.58984375,0,0,0,0,0,0,0,0,0,0,0,0,0,0,0,0,0,0,fafnir
0,39.2926025390625,123.8515625,0,0,0,0,0,0,0,0,0,0,0,0,0,0,0,0,0,0,2K
0,1103.74169921875,1626.4480285644531,0,0,0,0,0,0,0,0,0,0,0,0,0,0,0,0,0,0,backdash
0,409.9886474609375,1600.8162841796875,0,0,0,0,0,0,0,0,0,0,0,0,0,0,0,0,0,0,f.S
0,1600.8162841796875,432.6531982421875,0,0,0,0,0,0,0,0,0,0,0,0,0,0,0,0,0,0,2P
0,267.055419921875,1604.2536010742188,0,0,0,0,0,0,0,0,0,0,0,0,0,0,0,0,0,0,f.S
2,517.19384765625,1629.2480163574219,0,1,0,0,0,0,0,0,1,0,0,0,0,0,0,0,1,0,5H
0,731.607666015625,1424.1144714355469,0,0,0,0,0,0,0,0,0,0,0,0,0,0,0,0,0,0,5H
0,1300.9367065429688,558.80615234375,1,0,0,0,0,0,0,0,1,0,0,0,0,0,0,0,1,0,run
0,1290.68798828125,529.14208984375,0,0,0,0,0,0,0,0,0,0,0,0,0,0,0,0,0,0,f.S
2,694.607177734375,135.761474609375,0,1,0,0,0,0,0,0,1,0,0,0,0,0,0,0,1,0,5H
-5,743.943603515625,689.832763671875,0,1,0,0,0,0,0,0,0,0,0,0,0,0,0,0,0,0,2S
0,893.327392578125,721.436767578125,0,0,0,0,0,0,0,0,0,0,0,0,0,0,0,0,0,0,2S
0,927.105224609375,1383.182373046875,1,0,0,0,0,0,0,0,0,0,0,0,0,0,0,0,0,0,run
0,125.28173828125,1315.1682739257812,0,0,0,0,0,0,0,0,0,0,0,0,0,0,0,0,0,0,6H
22,1619.2500610351562,134.8310546875,1,0,0,0,0,0,0,0,0,0,0,0,0,0,0,0,0,0,6S
0,654.608642578125,632.728515625,0,0,0,0,0,0,0,0,0,0,0,0,0,0,0,0,0,0,backdash
0,632.728515625,654.608642578125,0,0,0,0,0,0,0,0,0,0,0,0,0,0,0,0,0,0,f.S
0,1040.0151977539062,527.335693359375,0,0,0,0,0,0,0,0,0,0,0,0,0,0,0,0,0,0,run
0,371.845458984375,369.6865234375,0,0,0,0,0,0,0,0,0,0,0,0,0,0,0,0,0,0,f.S
0,53.253662109375,862.4146728515625,0,0,0,0,0,0,0,0,0,0,0,0,0,0,0,0,0,0,backdash
0,861.3212890625,246.269775390625,0,0,0,0,0,0,0,0,0,0,0,0,0,0,0,0,0,0,DP
0,637.749755859375,446.02392578125,0,0,0,0,0,0,0,0,0,0,0,0,0,0,0,0,0,0,f.S
0,1349.9883422851562,1647.583740234375,0,0,0,0,0,0,0,0,0,0,0,0,0,0,0,0,0,0,run
0,464.192626953125,606.64501953125,0,0,0,0,0,0,0,0,0,0,0,0,0,0,0,0,0,0,2D
0,1358.254638671875,1411.6195068359375,1,0,0,0,0,0,0,0,0,0,0,0,0,0,0,0,0,0,run
-4,612.501708984375,837.21435546875,0,1,0,0,0,0,0,0,0,0,0,0,0,0,0,0,0,0,2D
0,608.4315185546875,650.91943359375,0,0,0,0,0,0,0,0,0,0,0,0,0,0,0,0,0,0,backdash
0,1093.7859497070312,857.666748046875,0,0,0,0,0,0,0,0,0,0,0,0,0,0,0,0,0,0,2D
0,704.9625244140625,537.984375,0,0,0,0,0,0,0,0,0,0,0,0,0,0,0,0,0,0,run
0,176.9835205078125,760.690185546875,0,0,0,0,0,0,0,0,0,0,0,0,0,0,0,0,0,0,f.S
0,830.580810546875,1040.6294555664062,0,0,0,0,0,0,0,0,0,0,0,0,0,0,0,0,0,0,run
0,1006.5443115234375,508.216064453125,0,0,0,0,0,0,0,0,0,0,0,0,0,0,0,0,0,0,2D
0,579.046630859375,589.9129638671875,0,0,0,0,0,0,0,0,0,0,0,0,0,0,0,0,0,0,f.S
2,49.611572265625,502.3211669921875,0,1,0,0,0,0,0,0,1,0,0,0,0,0,0,0,1,0,5H
5,1011.151611328125,1053.0437622070312,1,0,0,0,0,0,0,0,0,0,0,0,0,0,0,0,0,0,f.S
-5,787.1873779296875,777.141845703125,0,1,0,0,0,0,0,0,0,0,0,0,0,0,0,0,0,0,f.S
0,653.54931640625,200.18115234375,0,0,0,0,0,0,0,0,0,0,0,0,0,0,0,0,0,0,2D
0,218.5614013671875,273.916259765625,0,0,0,0,0,0,0,0,0,0,0,0,0,0,0,0,0,0,c.S
3,137.50830078125,446.11474609375,0,1,0,0,0,0,0,1,1,1,1,1,1,0,0,1,1,1,f.S
2,36.2440185546875,360.455810546875,0,1,0,0,0,0,0,0,1,0,0,0,0,0,0,0,1,0,5H
-5,64.472900390625,1655.238525390625,0,1,0,0,0,0,0,0,0,0,0,0,0,0,0,0,0,0,6S
7,1590.5380859375,1002.021240234375,1,0,0,0,0,0,0,0,0,0,0,0,0,0,0,0,0,0,6S
0,956.024169921875,1603.9912109375,0,0,0,0,0,0,0,0,0,0,0,0,0,0,0,0,0,0,run
0,1573.0,1607.970947265625,0,0,0,0,0,0,0,0,0,0,0,0,0,0,0,0,0,0,c.S
0,653.4775390625,734.4678955078125,0,0,0,0,0,0,0,0,0,0,0,0,0,0,0,0,0,0,f.S
0,438.369873046875,733.4110107421875,0,0,0,0,0,0,0,0,0,0,0,0,0,0,0,0,0,0,6S
-7,625.972412109375,505.3123779296875,0,1,0,0,0,0,0,0,0,0,0,0,0,0,0,0,0,0,backdash
0,1019.072265625,750.1888427734375,0,0,0,0,0,0,0,0,0,0,0,0,0,0,0,0,0,0,6S
0,842.6004638671875,596.00146484375,1,0,0,0,0,0,0,0,0,0,0,0,0,0,0,0,0,0,2S
0,1208.9625244140625,1538.3341979980469,0,0,0,0,0,0,0,0,0,0,0,0,0,0,0,0,0,0,c.S
3,1207.7039184570312,1624.0023193359375,0,1,0,0,0,0,0,1,1,1,1,1,1,0,0,1,1,1,f.S
3,1313.035400390625,1578.9645690917969,0,1,0,0,0,0,0,1,1,1,1,1,1,0,0,1,1,1,f.S
2,946.96435546875,1629.2872314453125,0,1,0,0,0,0,0,0,1,0,0,0,0,0,0,0,1,0,run
0,1655.4370727539062,1604.2933959960938,0,0,0,0,0,0,0,0,0,0,0,0,0,0,0,0,0,0,throw
0,1611.8690185546875,1305.879150390625,1,0,1,0,0,0,0,0,1,0,0,0,0,0,0,0,1,0,backdash
3,1110.1126708984375,1581.8798217773438,0,1,0,0,0,0,0,1,1,1,1,1,1,0,0,1,1,1,5H
-3,1629.353271484375,990.9153442382812,1,0,0,0,0,0,0,1,1,1,1,1,1,0,0,1,1,1,DP
3,990.9153442382812,1629.353271484375,0,1,0,0,0,0,0,1,1,1,1,1,1,0,0,1,1,1,run
0,1209.1050415039062,1028.303466796875,0,0,0,0,0,0,0,0,0,0,0,0,0,0,0,0,0,0,run
0,562.0311279296875,1210.90283203125,0,0,0,0,0,0,0,0,0,0,0,0,0,0,0,0,0,0,6S
0,949.610595703125,15.8817138671875,0,0,0,0,0,0,0,0,0,0,0,0,0,0,0,0,0,0,2S
0,8.51220703125,1351.411376953125,0,0,0,0,0,0,0,0,0,0,0,0,0,0,0,0,0,0,fafnir
2,219.052734375,1629.2880859375,0,1,0,0,0,0,0,0,1,0,0,0,0,0,0,0,1,0,run
0,943.9580078125,1760.082275390625,0,0,0,0,0,0,0,0,0,0,0,0,0,0,0,0,0,0,6S
0,1624.147216796875,1692.1095123291016,1,0,0,0,0,0,0,0,1,0,0,0,0,0,0,0,1,0,run
0,1140.433349609375,799.104248046875,0,0,0,0,0,0,0,0,0,0,0,0,0,0,0,0,0,0,run
0,850.124267578125,590.715087890625,0,0,0,0,0,0,0,0,0,0,0,0,0,0,0,0,0,0,backdash
0,765.67578125,1360.496826171875,0,0,0,0,0,0,0,0,0,0,0,0,0,0,0,0,0,0,run
0,1339.363525390625,402.26513671875,0,0,0,0,0,0,0,0,0,0,0,0,0,0,0,0,0,0,6S
-7,1074.247802734375,1358.9944458007812,0,1,0,0,0,0,0,0,0,0,0,0,0,0,0,0,0,0,run
7,1341.4505004882812,779.524658203125,1,0,0,0,0,0,0,0,0,0,0,0,0,0,0,0,0,0,run
0,551.62353515625,532.338623046875,0,0,0,0,0,0,0,0,0,0,0,0,0,0,0,0,0,0,2S
-3,427.2169189453125,115.029541015625,1,1,0,0,0,0,0,0,0,0,0,0,0,0,0,0,0,0,backdash
3,115.029541015625,427.2169189453125,1,1,0,0,0,0,0,0,0,0,0,0,0,0,0,0,0,0,run
0,209.71484375,946.984130859375,0,0,0,0,0,0,0,0,0,0,0,0,0,0,0,0,0,0,throw
0,520.1981201171875,94.937744140625,0,0,0,0,0,0,0,0,0,0,0,0,0,0,0,0,0,0,backdash
0,746.5328369140625,416.024658203125,0,0,0,0,0,0,0,0,0,0,0,0,0,0,0,0,0,0,run
0,470.921630859375,308.0799560546875,0,0,0,0,0,0,0,0,0,0,0,0,0,0,0,0,0,0,2S
0,290.1195068359375,366.130126953125,0,0,0,0,0,0,0,0,0,0,0,0,0,0,0,0,0,0,DP
0,85.8944091796875,599.944091796875,0,0,0,0,0,0,0,0,0,0,0,0,0,0,0,0,0,0,2K
0,555.5712890625,195.838623046875,0,0,0,0,0,0,0,0,0,0,0,0,0,0,0,0,0,0,f.S
0,284.926025390625,373.109130859375,0,1,0,0,0,0,0,0,0,0,0,0,0,0,0,0,0,0,run
0,286.90234375,251.7340087890625,0,0,0,0,0,0,0,0,0,0,0,0,0,0,0,0,0,0,throw
0,765.216552734375,1093.2156372070312,0,0,0,1,0,0,0,0,0,0,0,0,0,0,0,0,0,0,run
0,495.2933349609375,189.3101806640625,1,0,1,0,0,0,0,0,0,0,0,0,0,0,0,0,0,0,DP
0,654.608642578125,654.62841796875,0,0,0,0,0,0,0,0,0,0,0,0,0,0,0,0,0,0,2S
0,793.077880859375,634.25341796875,0,0,0,0,0,0,0,0,0,0,0,0,0,0,0,0,0,0,6H
0,790.644287109375,904.46044921875,0,0,0,1,0,0,0,0,0,0,0,0,0,0,0,0,0,0,fafnir
0,748.5908203125,190.6251220703125,0,0,1,0,0,0,0,0,0,0,0,0,0,0,0,0,0,0,2S
2,219.027587890625,1629.26318359375,0,1,0,0,0,0,0,0,1,0,0,0,0,0,0,0,1,0,run
-2,1629.26318359375,448.916015625,1,0,0,0,0,0,0,0,1,0,0,0,0,0,0,0,1,0,f.S
0,1052.1970825195312,398.951904296875,0,0,0,0,0,0,0,0,0,0,0,0,0,0,0,0,0,0,backdash
0,670.008544921875,1147.5736694335938,0,0,0,0,0,0,0,0,0,0,0,0,0,0,0,0,0,0,6S
0,993.9186401367188,563.181884765625,0,0,0,0,0,0,0,0,0,0,0,0,0,0,0,0,0,0,6S
0,1576.8843383789062,8.3782958984375,0,0,0,0,0,0,0,0,0,0,0,0,0,0,0,0,0,0,f.S
0,9.84130859375,746.9306640625,0,0,0,0,0,0,0,0,0,0,0,0,0,0,0,0,0,0,f.S
0,40.3612060546875,908.97216796875,0,0,0,0,0,0,0,0,0,0,0,0,0,0,0,0,0,0,2D
0,708.052001953125,575.48583984375,0,0,0,0,0,0,0,0,0,0,0,0,0,0,0,0,0,0,5P
0,580.128173828125,423.01123046875,0,0,0,0,0,0,0,0,0,0,0,0,0,0,0,0,0,0,backdash
0,603.1204833984375,997.47509765625,0,0,0,0,0,0,0,0,0,0,0,0,0,0,0,0,0,0,backdash
0,1117.738525390625,1245.3876342773438,0,0,0,0,0,0,0,0,0,0,0,0,0,0,0,0,0,0,run
0,1248.6806640625,832.718017578125,0,0,0,0,0,0,0,0,0,0,0,0,0,0,0,0,0,0,backdash
0,35.835693359375,1014.2482299804688,0,0,0,0,0,0,0,0,0,0,0,0,0,0,0,0,0,0,6P
0,1173.3292846679688,1114.1240234375,0,0,0,0,0,0,0,0,0,0,0,0,0,0,0,0,0,0,run
2,196.072021484375,212.160400390625,0,1,0,0,0,0,0,0,1,0,0,0,0,0,0,0,1,0,5H
0,892.950927734375,660.3045654296875,1,0,0,0,0,0,0,0,0,0,0,0,0,0,0,0,0,0,backdash
0,660.3045654296875,892.950927734375,0,0,0,0,0,0,0,0,0,0,0,0,0,0,0,0,0,0,6S
0,937.234130859375,619.14306640625,0,0,0,0,0,0,0,0,0,0,0,0,0,0,0,0,0,0,6S
0,1266.887451171875,528.908935546875,0,0,0,0,0,0,0,0,0,0,0,0,0,0,0,0,0,0,backdash
0,154.678955078125,319.99072265625,0,0,0,1,0,0,0,0,0,0,0,0,0,0,0,0,0,0,backdash
0,200.5167236328125,303.03271484375,0,0,1,0,0,0,0,0,0,0,0,0,0,0,0,0,0,0,DP
0,1394.926513671875,1424.34619140625,0,0,0,0,0,0,0,0,0,0,0,0,0,0,0,0,0,0,6P
0,266.74462890625,1400.798828125,0,0,0,0,0,0,0,0,0,0,0,0,0,0,0,0,0,0,6S
0,345.6549072265625,1392.53466796875,0,0,0,0,0,0,0,0,0,0,0,0,0,0,0,0,0,0,fafnir
0,632.728515625,654.608642578125,0,0,0,0,0,0,0,0,0,0,0,0,0,0,0,0,0,0,f.S
0,744.9630126953125,369.68017578125,0,0,0,0,0,0,0,0,0,0,0,0,0,0,0,0,0,0,backdash
0,843.722412109375,88.6318359375,0,0,0,0,0,0,0,0,0,0,0,0,0,0,0,0,0,0,backdash
0,832.91796875,997.38427734375,0,0,0,0,0,0,0,0,0,0,0,0,0,0,0,0,0,0,6S
3,1186.3543090820312,1615.7451171875,0,1,0,0,0,0,0,1,1,1,1,1,1,0,0,1,1,1,f.S
2,1555.1348571777344,1687.271728515625,0,1,0,0,0,0,0,0,1,0,0,0,0,0,0,0,1,0,5H
-5,880.608154296875,1223.7197265625,0,1,0,0,0,0,0,0,0,0,0,0,0,0,0,0,0,0,run
0,1100.307373046875,510.5977783203125,1,0,0,0,0,0,0,0,0,0,0,0,0,0,0,0,0,0,f.S
0,581.5543212890625,401.447998046875,1,0,0,0,0,0,0,0,1,0,0,0,0,0,0,0,1,0,6P
0,517.63818359375,496.8436279296875,0,0,0,0,0,0,0,0,0,0,0,0,0,0,0,0,0,0,2S
-7,688.38818359375,787.96337890625,0,1,0,0,0,0,0,0,1,0,0,0,0,0,0,0,1,0,f.S
-2,771.5335693359375,538.0185546875,1,0,0,0,0,0,0,0,1,0,0,0,0,0,0,0,1,0,6P
0,766.83837890625,316.4326171875,0,0,0,0,0,0,0,0,0,0,0,0,0,0,0,0,0,0,backdash
0,294.288818359375,463.295166015625,0,0,0,1,0,0,0,0,0,0,0,0,0,0,0,0,0,0,c.S
3,253.390869140625,854.52392578125,0,1,0,0,0,0,0,1,1,1,1,1,1,0,0,1,1,1,f.S
-3,893.875732421875,699.07177734375,1,0,0,0,0,0,0,1,1,1,1,1,1,0,0,1,1,1,5K
-2,1340.893310546875,954.400390625,1,0,0,0,0,0,0,0,1,0,0,0,0,0,0,0,1,0,backdash
2,916.638671875,1899.67626953125,0,1,0,0,0,0,0,0,1,0,0,0,0,0,0,0,1,0,5H
0,1579.419677734375,921.162353515625,0,0,0,0,0,0,0,0,0,0,0,0,0,0,0,0,0,0,5K
0,1612.6103515625,1444.147216796875,0,0,0,0,0,0,0,0,0,0,0,0,0,0,0,0,0,0,run
0,1295.337646484375,1486.4088134765625,0,0,0,0,0,0,0,0,0,0,0,0,0,0,0,0,0,0,2P
0,1189.705322265625,1680.6627502441406,0,0,0,0,0,0,0,0,0,0,0,0,0,0,0,0,0,0,run
0,1250.7745971679688,1016.285888671875,0,0,0,0,0,0,0,0,0,0,0,0,0,0,0,0,0,0,run
0,976.591064453125,212.5797119140625,0,0,0,0,0,0,0,0,0,0,0,0,0,0,0,0,0,0,backdash
0,175.2674560546875,1039.44921875,0,0,0,0,0,0,0,0,0,0,0,0,0,0,0,0,0,0,6P
0,1179.227783203125,273.56591796875,0,0,0,0,0,0,0,0,0,0,0,0,0,0,0,0,0,0,f.S
0,1297.588623046875,1563.48876953125,0,0,0,0,0,0,0,0,0,0,0,0,0,0,0,0,0,0,wild throw
0,1607.775634765625,830.17919921875,1,0,1,0,0,0,0,0,0,0,0,0,0,0,0,0,0,0,burst
0,125.7373046875,1643.017822265625,1,0,0,0,0,0,0,0,0,0,0,0,0,0,0,0,0,0,backdash
0,639.94140625,1604.26806640625,0,0,0,0,0,0,0,0,0,0,0,0,0,0,0,0,0,0,run
0,1016.8282470703125,1190.400634765625,0,0,0,0,0,0,0,0,0,0,0,0,0,0,0,0,0,0,run
0,734.47607421875,653.43603515625,0,0,0,0,0,0,0,0,0,0,0,0,0,0,0,0,0,0,run
0,533.1455078125,274.771728515625,0,0,0,0,0,0,0,0,0,0,0,0,0,0,0,0,0,0,5K
14,696.259765625,559.5404052734375,1,0,0,0,0,0,0,0,0,1,1,1,1,0,0,0,0,1,backdash
0,1104.05908203125,938.5885620117188,0,0,0,0,0,0,0,0,0,0,0,0,0,0,0,0,0,0,run
0,1487.059814453125,1699.629135131836,0,0,0,0,0,0,0,0,0,0,0,0,0,0,0,0,0,0,run
0,1462.1139221191406,1681.82373046875,0,0,0,0,0,0,0,0,0,0,0,0,0,0,0,0,0,0,run
0,424.24365234375,104.740478515625,0,0,0,0,0,0,0,0,0,0,0,0,0,0,0,0,0,0,5K
0,227.90966796875,599.8310546875,0,0,0,0,0,0,0,0,0,0,0,0,0,0,0,0,0,0,f.S
0,1448.880859375,1907.526611328125,0,0,0,0,0,0,0,0,0,0,0,0,0,0,0,0,0,0,2D
0,1646.09130859375,1091.564208984375,0,0,0,0,0,0,0,0,0,0,0,0,0,0,0,0,0,0,c.S
0,682.0469970703125,319.015380859375,0,1,0,0,0,0,0,0,0,0,0,0,0,0,0,0,0,0,DP
0,463.4564208984375,1472.79345703125,0,0,0,0,0,0,0,0,0,0,0,0,0,0,0,0,0,0,6S
0,632.72265625,654.6072998046875,0,0,0,0,0,0,0,0,0,0,0,0,0,0,0,0,0,0,run
0,654.6072998046875,358.209716796875,0,0,0,0,0,0,0,0,0,0,0,0,0,0,0,0,0,0,run
0,175.119384765625,139.31494140625,0,0,0,0,0,0,0,0,0,0,0,0,0,0,0,0,0,0,throw
0,27.748046875,608.20263671875,0,0,0,1,0,0,0,0,0,0,0,0,0,0,0,0,0,0,c.S
0,278.719970703125,193.912841796875,0,0,1,0,0,0,0,0,0,0,0,0,0,0,0,0,0,0,backdash
0,156.9200439453125,580.9599609375,0,0,0,0,0,0,0,0,0,0,0,0,0,0,0,0,0,0,f.S
0,574.09716796875,212.834716796875,0,0,0,0,0,0,0,0,0,0,0,0,0,0,0,0,0,0,f.S
0,578.896728515625,1604.005615234375,0,0,0,0,0,0,0,0,0,0,0,0,0,0,0,0,0,0,f.S
2,979.31787109375,1632.283203125,0,1,0,0,0,0,0,0,1,0,0,0,0,0,0,0,1,0,5H
0,901.77001953125,1692.07177734375,1,0,0,0,0,0,0,0,0,0,0,0,0,0,0,0,0,0,run
0,1075.555908203125,1668.71044921875,0,0,0,0,0,0,0,0,0,0,0,0,0,0,0,0,0,0,backdash
0,179.35400390625,1713.51611328125,0,0,0,0,0,0,0,0,0,0,0,0,0,0,0,0,0,0,backdash
0,216.0257568359375,764.396240234375,0,0,0,0,0,0,0,0,0,0,0,0,0,0,0,0,0,0,5K
-14,279.591552734375,334.9383544921875,0,1,0,0,0,0,0,0,0,1,1,1,1,0,0,0,0,1,5D
3,70.327392578125,458.4725341796875,0,1,0,0,0,0,0,1,1,1,1,1,1,0,0,1,1,1,f.S
0,212.981201171875,1063.7134399414062,0,0,0,0,0,0,0,0,0,0,0,0,0,0,0,0,0,0,f.S
-14,285.87158203125,200.4388427734375,0,1,0,0,0,0,0,0,0,1,1,1,1,0,0,0,0,1,6S
0,469.8642578125,418.6392822265625,0,0,0,0,0,0,0,0,0,0,0,0,0,0,0,0,0,0,c.S
3,13.0345458984375,452.4259033203125,0,1,0,0,0,0,0,1,1,1,1,1,1,0,0,1,1,1,f.S
-3,390.87548828125,388.6090087890625,1,0,0,0,0,0,0,1,1,1,1,1,1,0,0,1,1,1,DP
0,1182.133544921875,1121.5039672851562,0,0,0,0,0,0,0,0,0,0,0,0,0,0,0,0,0,0,6P
0,1065.6963500976562,1139.9833984375,0,0,0,0,0,0,0,0,0,0,0,0,0,0,0,0,0,0,f.S
0,1008.0338745117188,1136.097900390625,0,0,0,0,0,0,0,0,0,0,0,0,0,0,0,0,0,0,fafnir
0,729.1395263671875,811.3701171875,0,0,0,0,0,0,0,0,0,0,0,0,0,0,0,0,0,0,run
0,185.5919189453125,735.45654296875,0,0,0,0,0,0,0,0,0,0,0,0,0,0,0,0,0,0,6H
0,549.563720703125,237.80712890625,0,0,0,0,0,0,0,0,0,0,0,0,0,0,0,0,0,0,f.S
0,1306.5841674804688,1699.6083984375,0,0,0,0,0,0,0,0,0,0,0,0,0,0,0,0,0,0,run
0,795.11962890625,605.795654296875,0,0,0,0,0,0,0,0,0,0,0,0,0,0,0,0,0,0,backdash
0,1328.114501953125,993.9089965820312,0,0,0,0,0,0,0,0,0,0,0,0,0,0,0,0,0,0,run
0,945.635009765625,891.049560546875,0,0,0,0,0,0,0,0,0,0,0,0,0,0,0,0,0,0,f.S
0,614.873779296875,190.1583251953125,0,0,0,0,0,0,0,0,0,0,0,0,0,0,0,0,0,0,backdash
0,205.50537109375,627.3179931640625,0,0,0,0,0,0,0,0,0,0,0,0,0,0,0,0,0,0,2K
0,544.9178466796875,72.03125,0,0,0,0,0,0,0,0,0,0,0,0,0,0,0,0,0,0,DP
0,831.374267578125,1307.8212890625,0,0,0,0,0,0,0,0,0,0,0,0,0,0,0,0,0,0,6S
0,675.41796875,1318.348388671875,0,0,0,0,0,0,0,0,0,0,0,0,0,0,0,0,0,0,fafnir
0,852.517578125,287.899169921875,0,0,0,0,0,0,0,0,0,0,0,0,0,0,0,0,0,0,6P
0,774.6722412109375,1580.376220703125,0,0,0,1,0,0,0,0,0,0,0,0,0,0,0,0,0,0,6S
0,1110.763671875,6.46142578125,0,0,1,0,0,0,0,0,0,0,0,0,0,0,0,0,0,0,backdash
0,1316.90576171875,626.2486572265625,0,0,0,0,0,0,0,0,0,0,0,0,0,0,0,0,0,0,run
0,604.28125,631.503662109375,0,0,0,0,0,0,0,0,0,0,0,0,0,0,0,0,0,0,6H
22,1058.9669799804688,134.990478515625,1,0,0,0,0,0,0,0,0,0,0,0,0,0,0,0,0,0,6H
0,967.7564086914062,1130.7255859375,0,0,0,1,0,0,0,0,0,0,0,0,0,0,0,0,0,0,run
0,879.084716796875,632.0108642578125,0,1,1,0,0,0,0,0,0,0,0,0,0,0,0,0,0,0,backdash
0,14.0640869140625,527.3701171875,0,0,0,0,0,0,0,0,0,0,0,0,0,0,0,0,0,0,5K
-14,327.671142578125,251.7945556640625,0,1,0,0,0,0,0,0,0,1,1,1,1,0,0,0,0,1,6S
0,918.5824584960938,196.96875,1,0,0,0,0,0,0,0,0,0,0,0,0,0,0,0,0,0,backdash
0,62.375,1784.3575286865234,0,0,0,0,0,0,0,0,0,0,0,0,0,0,0,0,0,0,f.S
0,0.739990234375,1604.017333984375,0,0,0,0,0,0,0,0,0,0,0,0,0,0,0,0,0,0,6S
7,1629.3038330078125,393.01806640625,1,0,0,0,0,0,0,0,0,0,0,0,0,0,0,0,0,0,2S
0,28.5767822265625,439.618408203125,0,1,0,0,0,0,0,0,0,0,0,0,0,0,0,0,0,0,5K
-14,287.297119140625,333.8076171875,0,1,0,0,0,0,0,0,0,1,1,1,1,0,0,0,0,1,6S
2,69.9365234375,480.09228515625,0,1,0,0,0,0,0,0,1,0,0,0,0,0,0,0,1,0,5H
5,1594.267578125,1485.7667846679688,1,0,0,0,0,0,0,0,0,0,0,0,0,0,0,0,0,0,backdash
-5,1504.0817260742188,1883.879638671875,0,1,0,0,0,0,0,0,0,0,0,0,0,0,0,0,0,0,run
0,1679.365966796875,1352.888427734375,0,0,0,0,0,0,0,0,0,0,0,0,0,0,0,0,0,0,run
0,1274.90380859375,1168.1962280273438,0,0,0,0,0,0,0,0,0,0,0,0,0,0,0,0,0,0,backdash
0,1160.4119873046875,1384.115234375,0,0,0,0,0,0,0,0,0,0,0,0,0,0,0,0,0,0,run
0,400.983154296875,1282.2376098632812,0,0,0,0,0,0,0,0,0,0,0,0,0,0,0,0,0,0,6S
0,875.4345703125,419.144775390625,0,0,0,0,0,0,0,0,0,0,0,0,0,0,0,0,0,0,backdash
0,1094.456298828125,1221.6636962890625,0,0,0,0,0,0,0,0,0,0,0,0,0,0,0,0,0,0,run
0,2.32666015625,446.6943359375,0,1,0,0,0,0,0,0,0,0,0,0,0,0,0,0,0,0,5K
-14,300.4288330078125,343.88623046875,0,1,0,0,0,0,0,0,0,1,1,1,1,0,0,0,0,1,6S
7,921.149169921875,769.093017578125,1,0,0,0,0,0,0,0,0,0,0,0,0,0,0,0,0,0,backdash
-7,932.7802124023438,1353.324951171875,0,1,0,0,0,0,0,0,0,0,0,0,0,0,0,0,0,0,backdash
0,937.3612670898438,822.691650390625,0,0,0,0,0,0,0,0,0,0,0,0,0,0,0,0,0,0,backdash
0,262.066162109375,696.6978759765625,0,0,0,0,0,0,0,0,0,0,0,0,0,0,0,0,0,0,f.S
2,181.9130859375,305.4190673828125,0,1,0,0,0,0,0,0,1,0,0,0,0,0,0,0,1,0,5H
5,1178.51611328125,1643.61474609375,1,0,0,0,0,0,0,0,0,0,0,0,0,0,0,0,0,0,backdash
0,488.05078125,1600.890380859375,0,0,0,0,0,0,0,0,0,0,0,0,0,0,0,0,0,0,f.S
2,1218.53662109375,1626.247314453125,0,1,0,0,0,0,0,0,1,0,0,0,0,0,0,0,1,0,5H
-5,40.021728515625,1638.709716796875,0,1,0,0,0,0,0,0,0,0,0,0,0,0,0,0,0,0,run
0,936.2440795898438,820.917236328125,0,0,0,0,0,0,0,0,0,0,0,0,0,0,0,0,0,0,backdash
0,1005.5224609375,1566.4393310546875,1,0,0,0,0,0,0,0,0,0,0,0,0,0,0,0,0,0,2S
0,1211.4944458007812,971.849853515625,0,0,0,0,0,0,0,0,0,0,0,0,0,0,0,0,0,0,2S
0,1007.90576171875,1563.486572265625,0,0,0,0,0,0,0,0,0,0,0,0,0,0,0,0,0,0,backdash
0,428.718994140625,1604.490966796875,0,0,0,0,0,0,0,0,0,0,0,0,0,0,0,0,0,0,f.S
2,1163.486572265625,1626.214599609375,0,1,0,0,0,0,0,0,1,0,0,0,0,0,0,0,1,0,5H
0,1242.513671875,1460.1311645507812,0,0,0,0,0,0,0,0,0,0,0,0,0,0,0,0,0,0,run
0,1327.2454833984375,733.7119140625,0,0,0,0,0,0,0,0,0,0,0,0,0,0,0,0,0,0,backdash
0,80.91015625,398.629638671875,0,0,0,1,0,0,0,0,0,0,0,0,0,0,0,0,0,0,5P
0,221.95751953125,51.922607421875,0,0,1,0,0,0,0,0,0,0,0,0,0,0,0,0,0,0,backdash
0,626.01220703125,283.5985107421875,0,0,0,0,0,0,0,0,0,0,0,0,0,0,0,0,0,0,f.S
-11,1579.4145812988281,1542.3184814453125,1,0,0,0,0,0,0,0,0,0,0,0,0,0,0,0,0,0,backdash
0,1640.632080078125,1177.9224853515625,0,0,0,0,0,0,0,0,0,0,0,0,0,0,0,0,0,0,5K
7,1526.731689453125,173.8787841796875,1,0,0,0,0,0,0,0,0,0,0,0,0,0,0,0,0,0,backdash
0,132.41552734375,364.740966796875,0,1,0,0,0,0,0,0,0,0,0,0,0,0,0,0,0,0,5K
-14,184.376953125,280.193603515625,0,1,0,0,0,0,0,0,0,1,1,1,1,0,0,0,0,1,6S
-14,255.96337890625,232.03857421875,0,1,0,0,0,0,0,0,0,1,1,1,1,0,0,0,0,1,6S
-7,315.3392333984375,1428.958251953125,0,1,0,0,0,0,0,0,0,0,0,0,0,0,0,0,0,0,6S
7,914.7939453125,384.9189453125,1,0,0,0,0,0,0,0,0,0,0,0,0,0,0,0,0,0,backdash
0,106.8388671875,369.58349609375,0,0,0,0,0,0,0,0,0,0,0,0,0,0,0,0,0,0,5K
14,181.18017578125,90.962646484375,1,0,0,0,0,0,0,0,0,1,1,1,1,0,0,0,0,1,burst
0,1296.821533203125,1646.4246520996094,0,0,0,0,0,0,0,0,0,0,0,0,0,0,0,0,0,0,run
0,653.443603515625,653.445556640625,0,0,0,0,0,0,0,0,0,0,0,0,0,0,0,0,0,0,f.S
0,653.445556640625,653.443603515625,0,0,0,0,0,0,0,0,0,0,0,0,0,0,0,0,0,0,backdash
0,1040.0087890625,527.3272705078125,0,0,0,0,0,0,0,0,0,0,0,0,0,0,0,0,0,0,run
0,1615.91357421875,1627.6640625,0,0,0,0,0,0,0,0,0,0,0,0,0,0,0,0,0,0,c.S
3,1301.51220703125,1631.954345703125,0,1,0,0,0,0,0,1,1,1,1,1,1,0,0,1,1,1,f.S
0,1579.41748046875,849.120849609375,1,0,0,0,0,0,0,0,0,0,0,0,0,0,0,0,0,0,5K
-14,1590.533935546875,877.09521484375,0,1,0,0,0,0,0,0,0,1,1,1,1,0,0,0,0,1,6S
14,404.206298828125,699.2255859375,1,1,0,0,0,0,0,0,0,0,0,0,0,0,0,0,0,0,5H
0,377.034912109375,1579.9160461425781,0,0,0,0,0,0,0,0,0,0,0,0,0,0,0,0,0,0,f.S
0,1511.93505859375,340.5791015625,0,0,0,0,0,0,0,0,0,0,0,0,0,0,0,0,0,0,f.S
0,304.90576171875,1642.4447021484375,0,0,0,0,0,0,0,0,0,0,0,0,0,0,0,0,0,0,run
0,396.141357421875,1626.4459533691406,0,0,0,0,0,0,0,0,0,0,0,0,0,0,0,0,0,0,f.S
0,1576.8601684570312,686.677001953125,0,0,0,0,0,0,0,0,0,0,0,0,0,0,0,0,0,0,DP
0,1235.6640014648438,1192.802734375,0,0,0,0,0,0,0,0,0,0,0,0,0,0,0,0,0,0,run
0,614.980224609375,1249.741455078125,0,0,0,0,0,0,0,0,0,0,0,0,0,0,0,0,0,0,6S
7,568.164306640625,556.877197265625,1,0,0,0,0,0,0,0,0,0,0,0,0,0,0,0,0,0,c.S
3,3.1019287109375,460.607177734375,0,1,0,0,0,0,0,1,1,1,1,1,1,0,0,1,1,1,f.S
2,33.9764404296875,458.8702392578125,0,1,0,0,0,0,0,0,1,0,0,0,0,0,0,0,1,0,5H
-2,517.4937744140625,77.769775390625,1,0,0,0,0,0,0,0,1,0,0,0,0,0,0,0,1,0,5K
0,1226.9585571289062,717.8291015625,0,0,0,0,0,0,0,0,0,0,0,0,0,0,0,0,0,0,f.S
0,1454.5817260742188,1351.38720703125,0,0,0,0,0,0,0,0,0,0,0,0,0,0,0,0,0,0,run
0,1422.0159301757812,1668.7106323242188,0,0,0,0,0,0,0,0,0,0,0,0,0,0,0,0,0,0,c.S
3,1093.205810546875,1579.2876892089844,0,1,0,0,0,0,0,1,1,1,1,1,1,0,0,1,1,1,2P
0,421.2410888671875,1566.5425109863281,0,0,0,0,0,0,0,0,0,0,0,0,0,0,0,0,0,0,run
0,1726.1159973144531,1632.2698364257812,0,0,0,0,0,0,0,0,0,0,0,0,0,0,0,0,0,0,throw
0,1632.2698364257812,1459.676025390625,1,0,0,0,1,0,0,0,0,0,1,1,1,1,0,0,0,0,5K
0,1369.5662841796875,1645.61376953125,0,0,0,0,0,0,0,0,0,0,0,0,0,0,0,0,0,0,c.S
3,1083.105224609375,1579.0945434570312,0,1,0,0,0,0,0,1,1,1,1,1,1,0,0,1,1,1,backdash
14,1647.0681762695312,1371.4204711914062,1,0,0,0,0,0,0,0,0,1,1,1,1,0,0,0,0,1,5K
0,1679.3503112792969,1654.211669921875,0,0,0,0,0,0,0,0,0,0,0,0,0,0,0,0,0,0,run
0,1437.6806640625,1343.7392578125,0,0,0,0,0,0,0,0,0,0,0,0,0,0,0,0,0,0,run
0,559.8836669921875,1054.583740234375,0,0,0,0,0,0,0,0,0,0,0,0,0,0,0,0,0,0,6S
0,632.72265625,654.6072998046875,0,0,0,0,0,0,0,0,0,0,0,0,0,0,0,0,0,0,2S
0,923.9720458984375,738.25146484375,0,0,0,0,0,0,0,0,0,0,0,0,0,0,0,0,0,0,6S
0,804.414794921875,501.463134765625,0,0,0,0,0,0,0,0,0,0,0,0,0,0,0,0,0,0,backdash
0,1087.3759765625,588.41064453125,0,0,0,0,0,0,0,0,0,0,0,0,0,0,0,0,0,0,2S
0,307.1015625,1161.19091796875,0,0,0,0,0,0,0,0,0,0,0,0,0,0,0,0,0,0,5H
0,842.718505859375,604.322998046875,0,0,0,0,0,0,0,0,0,0,0,0,0,0,0,0,0,0,f.S
0,1292.37451171875,1600.825927734375,0,0,0,0,0,0,0,0,0,0,0,0,0,0,0,0,0,0,5D
0,799.46240234375,684.4910888671875,0,0,0,1,0,0,0,0,0,0,0,0,0,0,0,0,0,0,fafnir
0,523.859619140625,277.0914306640625,0,0,1,0,0,0,0,0,0,0,0,0,0,0,0,0,0,0,DP
0,653.443603515625,648.390380859375,0,0,0,0,0,0,0,0,0,0,0,0,0,0,0,0,0,0,2S
0,803.11181640625,592.6573486328125,0,0,0,0,0,0,0,0,0,0,0,0,0,0,0,0,0,0,6H
0,753.721923828125,894.8623046875,0,0,0,1,0,0,0,0,0,0,0,0,0,0,0,0,0,0,fafnir
0,730.06591796875,226.706298828125,0,0,1,0,0,0,0,0,0,0,0,0,0,0,0,0,0,0,backdash
0,581.52880859375,806.2652587890625,0,0,0,1,0,0,0,0,0,0,0,0,0,0,0,0,0,0,c.S
3,993.1461791992188,1404.2125854492188,0,1,0,0,0,0,0,1,1,1,1,1,1,0,0,1,1,1,f.S
2,1165.00732421875,1626.2123107910156,0,1,0,0,0,0,0,0,1,0,0,0,0,0,0,0,1,0,5H
-2,1629.2465209960938,1016.3074951171875,1,0,0,0,0,0,0,0,1,0,0,0,0,0,0,0,1,0,DP
0,1150.3373413085938,1221.331298828125,0,0,0,0,0,0,0,0,0,0,0,0,0,0,0,0,0,0,run
0,873.500732421875,1252.1575317382812,0,0,0,1,0,0,0,0,0,0,0,0,0,0,0,0,0,0,run
0,211.111572265625,928.8219604492188,0,0,0,0,0,0,0,0,0,0,0,0,0,0,0,0,0,0,2S
7,322.75048828125,157.3114013671875,1,0,0,0,0,0,0,0,1,0,0,0,0,0,0,0,1,0,5K
0,660.090087890625,992.3572998046875,0,0,0,1,0,0,0,0,0,0,0,0,0,0,0,0,0,0,run
0,48.117919921875,509.9169921875,0,0,0,1,0,0,0,0,0,0,0,0,0,0,0,0,0,0,2K
-2,281.461181640625,238.953369140625,0,1,0,0,0,0,0,0,0,1,1,1,1,0,0,0,0,1,2D
0,516.659423828125,530.6519775390625,0,1,0,0,0,0,0,0,0,0,0,0,0,0,0,0,0,0,2S
-7,884.353515625,702.845947265625,0,1,0,0,0,0,0,0,1,0,0,0,0,0,0,0,1,0,6S
7,880.70849609375,94.135009765625,1,0,0,0,0,0,0,0,1,0,0,0,0,0,0,0,1,0,backdash
0,1240.3388671875,589.584716796875,0,0,0,0,0,0,0,0,0,0,0,0,0,0,0,0,0,0,run
0,1165.9541015625,1088.068359375,0,0,0,0,0,0,0,0,0,0,0,0,0,0,0,0,0,0,run
0,1097.472900390625,848.2275390625,0,0,0,0,0,0,0,0,0,0,0,0,0,0,0,0,0,0,run
0,551.8592529296875,398.71142578125,0,0,0,0,0,0,0,0,0,0,0,0,0,0,0,0,0,0,2K
0,381.4600830078125,169.1619873046875,0,0,0,0,0,0,0,0,0,0,0,0,0,0,0,0,0,0,DP
-22,1647.68115234375,196.240966796875,0,1,0,0,0,0,0,0,0,0,0,0,0,0,0,0,0,0,f.S
0,161.891845703125,510.7900390625,0,0,0,1,0,0,0,0,0,0,0,0,0,0,0,0,0,0,c.S
3,33.44677734375,452.995361328125,0,1,0,0,0,0,0,1,1,1,1,1,1,0,0,1,1,1,f.S
2,205.74658203125,836.543212890625,0,1,0,0,0,0,0,0,1,0,0,0,0,0,0,0,1,0,2D
-2,850.6146240234375,41.8031005859375,1,0,0,0,0,0,0,0,1,0,0,0,0,0,0,0,1,0,DP
0,317.59326171875,1356.266357421875,0,0,0,0,0,0,0,0,0,0,0,0,0,0,0,0,0,0,6S
0,601.295166015625,1630.17578125,0,1,0,0,0,0,0,0,0,0,0,0,0,0,0,0,0,0,run
0,1595.113037109375,680.377197265625,1,0,0,0,0,0,0,0,0,0,0,0,0,0,0,0,0,0,run
0,1325.44189453125,714.0252685546875,0,0,0,0,0,0,0,0,0,0,0,0,0,0,0,0,0,0,6S
0,731.537841796875,1279.261962890625,0,0,0,0,0,0,0,0,0,0,0,0,0,0,0,0,0,0,run
0,491.596435546875,1500.5684814453125,0,0,0,0,0,0,0,0,0,0,0,0,0,0,0,0,0,0,6S
0,551.225341796875,1496.724609375,0,0,0,0,0,0,0,0,0,0,0,0,0,0,0,0,0,0,fafnir
0,946.1526489257812,509.0118408203125,0,0,0,0,0,0,0,0,0,0,0,0,0,0,0,0,0,0,6P
0,991.39501953125,84.1171875,0,0,0,0,0,0,0,0,0,0,0,0,0,0,0,0,0,0,DP
0,1389.4765625,1699.6114044189453,1,0,0,0,0,0,0,0,1,0,0,0,0,0,0,0,1,0,run
2,791.1697998046875,596.347412109375,0,1,0,0,0,0,0,0,1,0,0,0,0,0,0,0,1,0,6S
7,979.482177734375,1415.109130859375,1,0,0,0,0,0,0,0,0,0,0,0,0,0,0,0,0,0,run
0,501.546142578125,1188.0399780273438,0,0,0,0,0,0,0,0,0,0,0,0,0,0,0,0,0,0,6S
7,925.1436767578125,399.654052734375,1,0,0,0,0,0,0,0,0,0,0,0,0,0,0,0,0,0,f.S
2,85.9677734375,266.86279296875,0,1,0,0,0,0,0,0,1,0,0,0,0,0,0,0,1,0,5H
0,6.377685546875,839.564697265625,0,0,0,0,0,0,0,0,0,0,0,0,0,0,0,0,0,0,2K
-2,1576.8583984375,1385.008544921875,1,0,0,0,0,0,0,0,1,0,0,0,0,0,0,0,1,0,5K
0,391.64013671875,1645.61328125,0,0,0,0,0,0,0,0,0,0,0,0,0,0,0,0,0,0,run
0,802.98681640625,1643.562744140625,0,0,0,0,0,0,0,0,0,0,0,0,0,0,0,0,0,0,2K
0,632.769775390625,1390.601318359375,0,0,0,1,0,0,0,0,0,0,0,0,0,0,0,0,0,0,6S
0,648.388427734375,734.467529296875,0,0,0,0,0,0,0,0,0,0,0,0,0,0,0,0,0,0,f.S
0,734.467529296875,648.388427734375,0,0,0,0,0,0,0,0,0,0,0,0,0,0,0,0,0,0,2S
0,1386.566650390625,1226.483642578125,0,0,0,0,0,0,0,0,0,0,0,0,0,0,0,0,0,0,run
0,1105.81982421875,973.9765625,0,0,0,0,0,0,0,0,0,0,0,0,0,0,0,0,0,0,run
0,952.018798828125,930.7206420898438,0,0,0,0,0,0,0,0,0,0,0,0,0,0,0,0,0,0,backdash
0,1117.376708984375,1571.91455078125,0,0,0,0,0,0,0,0,0,0,0,0,0,0,0,0,0,0,f.S
0,1388.994140625,621.4554443359375,0,0,0,0,0,0,0,0,0,0,0,0,0,0,0,0,0,0,5P
0,31.7264404296875,1607.95751953125,0,0,0,0,0,0,0,0,0,0,0,0,0,0,0,0,0,0,run
0,1336.077880859375,1668.710693359375,0,0,0,0,0,0,0,0,0,0,0,0,0,0,0,0,0,0,c.S
3,1275.031005859375,1624.233154296875,0,1,0,0,0,0,0,1,1,1,1,1,1,0,0,1,1,1,f.S
2,972.82275390625,1579.416748046875,0,1,0,0,0,0,0,0,1,0,0,0,0,0,0,0,1,0,2K
-2,496.36669921875,1629.248779296875,0,1,0,0,0,0,0,0,0,1,1,1,1,0,0,0,0,1,f.S
0,379.02880859375,591.8126220703125,1,1,0,0,0,0,0,0,0,0,0,0,0,0,0,0,0,0,2K
0,493.42236328125,499.302734375,0,0,0,0,0,0,0,0,0,0,0,0,0,0,0,0,0,0,6S
-7,805.514892578125,805.5128173828125,0,1,0,0,0,0,0,0,0,0,0,0,0,0,0,0,0,0,backdash
-4,651.018310546875,1603.97705078125,0,1,0,0,0,0,0,0,0,0,0,0,0,0,0,0,0,0,2S
-7,1017.1803588867188,1626.2116088867188,0,1,0,0,0,0,0,0,1,0,0,0,0,0,0,0,1,0,5H
0,596.4034423828125,1638.65771484375,0,1,0,0,0,0,0,0,0,0,0,0,0,0,0,0,0,0,f.S
0,1632.2664794921875,1049.8131713867188,1,0,0,0,0,0,0,0,0,0,0,0,0,0,0,0,0,0,f.S
0,690.0438232421875,1494.1389465332031,1,0,0,0,0,0,0,0,0,0,0,0,0,0,0,0,0,0,run
0,1228.8655395507812,1494.6834106445312,0,0,0,0,0,0,0,0,0,0,0,0,0,0,0,0,0,0,c.S
0,654.6072998046875,632.72265625,0,0,0,0,0,0,0,0,0,0,0,0,0,0,0,0,0,0,backdash
0,1223.780029296875,1027.27392578125,0,0,0,0,0,0,0,0,0,0,0,0,0,0,0,0,0,0,run
0,426.228515625,826.78173828125,0,0,0,0,0,0,0,0,0,0,0,0,0,0,0,0,0,0,f.S
0,703.143798828125,128.07763671875,0,0,0,0,0,0,0,0,0,0,0,0,0,0,0,0,0,0,f.S
0,745.2481689453125,1643.561279296875,0,0,0,0,0,0,0,0,0,0,0,0,0,0,0,0,0,0,f.S
0,1563.4856567382812,948.39599609375,0,0,0,0,0,0,0,0,0,0,0,0,0,0,0,0,0,0,2K
7,804.890380859375,1003.3966064453125,1,0,0,0,0,0,0,0,0,0,0,0,0,0,0,0,0,0,5P
0,748.4794921875,1591.7598876953125,0,0,0,0,0,0,0,0,0,0,0,0,0,0,0,0,0,0,run
0,241.01708984375,1625.4686889648438,0,0,0,0,0,0,0,0,0,0,0,0,0,0,0,0,0,0,5P
0,296.3155517578125,1637.9934692382812,0,0,0,0,0,0,0,0,0,0,0,0,0,0,0,0,0,0,5P
0,1638.6636962890625,509.9444580078125,0,0,0,0,0,0,0,0,0,0,0,0,0,0,0,0,0,0,5K
0,358.107421875,1606.7329711914062,0,0,0,0,0,0,0,0,0,0,0,0,0,0,0,0,0,0,backdash
0,301.34423828125,1564.826171875,0,0,0,0,0,0,0,0,0,0,0,0,0,0,0,0,0,0,run
0,908.538818359375,331.38671875,0,0,0,0,0,0,0,0,0,0,0,0,0,0,0,0,0,0,backdash
0,850.947265625,1019.339599609375,0,0,0,0,0,0,0,0,0,0,0,0,0,0,0,0,0,0,backdash
0,1034.21044921875,1546.0459289550781,0,0,0,0,0,0,0,0,0,0,0,0,0,0,0,0,0,0,2S
0,1288.9746704101562,1040.12646484375,0,0,0,0,0,0,0,0,0,0,0,0,0,0,0,0,0,0,6P
0,1262.498291015625,937.2996826171875,0,0,0,0,0,0,0,0,0,0,0,0,0,0,0,0,0,0,backdash
0,1554.645263671875,1374.534912109375,0,0,0,0,0,0,0,0,0,0,0,0,0,0,0,0,0,0,run
0,1384.759765625,1115.32421875,0,0,0,0,0,0,0,0,0,0,0,0,0,0,0,0,0,0,2P
0,1201.6823120117188,572.808349609375,0,0,0,0,0,0,0,0,0,0,0,0,0,0,0,0,0,0,run
0,274.416259765625,517.3941650390625,0,0,0,0,0,0,0,0,0,0,0,0,0,0,0,0,0,0,2D
0,1343.8817138671875,214.6162109375,1,0,0,0,0,0,0,0,0,0,0,0,0,0,0,0,0,0,f.S
-4,250.941162109375,1072.0157470703125,0,1,0,0,0,0,0,0,0,0,0,0,0,0,0,0,0,0,backdash
0,885.599853515625,569.03466796875,0,0,0,0,0,0,0,0,0,0,0,0,0,0,0,0,0,0,2S
0,327.0362548828125,1600.5001831054688,0,0,0,0,0,0,0,0,0,0,0,0,0,0,0,0,0,0,6S
0,1627.2386779785156,1172.4793090820312,0,0,0,0,0,0,0,0,0,0,0,0,0,0,0,0,0,0,2S
0,1777.9775390625,1560.9304504394531,0,0,0,0,0,0,0,0,0,0,0,0,0,0,0,0,0,0,run
0,1258.520263671875,1229.3195190429688,0,0,0,0,0,0,0,0,0,0,0,0,0,0,0,0,0,0,5P
0,1257.1015625,921.7948608398438,0,0,0,0,0,0,0,0,0,0,0,0,0,0,0,0,0,0,backdash
0,1178.530517578125,620.4974365234375,0,0,0,0,0,0,0,0,0,0,0,0,0,0,0,0,0,0,backdash
0,988.4663696289062,1676.25732421875,0,0,0,0,0,0,0,0,0,0,0,0,0,0,0,0,0,0,backdash
0,1344.85888671875,1778.7900848388672,0,0,0,0,0,0,0,0,0,0,0,0,0,0,0,0,0,0,5P
0,1598.807861328125,1415.434326171875,0,0,0,0,0,0,0,0,0,0,0,0,0,0,0,0,0,0,run
0,1196.8333740234375,1427.85986328125,0,0,0,0,0,0,0,0,0,0,0,0,0,0,0,0,0,0,6S
0,1352.703369140625,978.5928344726562,0,0,0,0,0,0,0,0,0,0,0,0,0,0,0,0,0,0,6S
0,725.8050537109375,725.8017578125,0,0,0,0,0,0,0,0,0,0,0,0,0,0,0,0,0,0,5P
0,785.6614990234375,948.406982421875,0,0,0,0,0,0,0,0,0,0,0,0,0,0,0,0,0,0,run
0,850.53759765625,455.474853515625,0,0,0,0,0,0,0,0,0,0,0,0,0,0,0,0,0,0,6S
0,331.0418701171875,647.514404296875,0,0,0,0,0,0,0,0,0,0,0,0,0,0,0,0,0,0,2S
0,863.015380859375,1642.455810546875,0,0,0,0,0,0,0,0,0,0,0,0,0,0,0,0,0,0,2K
0,1563.495849609375,891.96044921875,0,0,0,0,0,0,0,0,0,0,0,0,0,0,0,0,0,0,DP
0,1231.92431640625,1186.237060546875,0,0,0,0,0,0,0,0,0,0,0,0,0,0,0,0,0,0,run
0,1123.7597045898438,842.03515625,0,0,0,0,0,0,0,0,0,0,0,0,0,0,0,0,0,0,2K
0,823.233154296875,1160.4307861328125,0,0,0,0,0,0,0,0,0,0,0,0,0,0,0,0,0,0,2P
0,991.676025390625,984.3756713867188,0,0,0,0,0,0,0,0,0,0,0,0,0,0,0,0,0,0,f.S
0,962.3606567382812,218.665771484375,0,0,0,0,0,0,0,0,0,0,0,0,0,0,0,0,0,0,f.S
2,123.888671875,595.11181640625,0,1,0,0,0,0,0,0,1,0,0,0,0,0,0,0,1,0,5H
-14,443.30712890625,1625.219482421875,0,1,0,0,0,0,0,0,0,1,1,1,1,0,0,0,0,1,2S
0,39.41845703125,1627.255615234375,0,1,0,0,0,0,0,0,0,0,0,0,0,0,0,0,0,0,5P
0,1454.423583984375,97.531494140625,1,0,0,0,1,0,0,0,0,0,1,1,1,1,0,0,0,0,6P
0,1647.447265625,1709.6884765625,0,0,0,1,0,0,0,0,0,0,0,0,0,0,0,0,0,0,c.S
0,1480.91162109375,1608.59130859375,0,0,0,0,0,0,0,0,0,0,0,0,0,0,0,0,0,0,wild throw
0,803.34423828125,831.1455078125,0,0,0,1,0,0,0,0,0,0,0,0,0,0,0,0,0,0,run
0,380.832763671875,579.8868408203125,0,0,0,1,0,0,0,0,0,0,0,0,0,0,0,0,0,0,f.S
0,121.08349609375,852.217041015625,0,0,0,0,0,0,0,0,0,0,0,0,0,0,0,0,0,0,2S
0,1521.8743591308594,1759.296142578125,0,0,0,1,0,0,0,0,0,0,0,0,0,0,0,0,0,0,run
0,421.5118408203125,1268.908935546875,0,0,0,0,0,0,0,0,0,0,0,0,0,0,0,0,0,0,2S
-2,171.227783203125,341.841552734375,0,1,0,0,1,0,0,0,0,0,1,1,1,1,0,0,0,0,6S
0,1272.974609375,1596.6614990234375,0,0,0,0,0,0,0,0,0,0,0,0,0,0,0,0,0,0,run
7,962.7435302734375,1361.943359375,1,0,0,0,0,0,0,0,0,0,0,0,0,0,0,0,0,0,run
0,1394.7515258789062,1545.7177734375,0,0,0,0,0,0,0,0,0,0,0,0,0,0,0,0,0,0,run
14,1014.374267578125,964.722900390625,1,0,0,0,0,0,0,0,0,1,1,1,1,0,0,0,0,1,f.S
0,512.4755859375,513.6328125,0,0,0,0,0,0,0,0,0,0,0,0,0,0,0,0,0,0,5K
0,496.940673828125,576.333251953125,0,0,0,0,0,0,0,0,0,0,0,0,0,0,0,0,0,0,2S
0,516.68701171875,492.39794921875,0,0,0,0,0,0,0,0,0,0,0,0,0,0,0,0,0,0,backdash
0,694.1298828125,414.44091796875,0,0,0,0,0,0,0,0,0,0,0,0,0,0,0,0,0,0,f.S
-2,583.163330078125,106.420166015625,1,1,0,0,0,0,0,0,0,0,0,0,0,0,0,0,0,0,6H
0,316.370849609375,538.145751953125,0,0,0,1,0,0,0,0,0,0,0,0,0,0,0,0,0,0,backdash
0,401.7197265625,316.370849609375,1,1,1,0,0,0,0,0,0,0,0,0,0,0,0,0,0,0,5K
0,124.936279296875,1045.1083374023438,0,0,0,0,0,0,0,0,0,0,0,0,0,0,0,0,0,0,6S
0,392.2584228515625,1243.3731079101562,0,0,0,0,0,0,0,0,0,0,0,0,0,0,0,0,0,0,run
0,1141.9595947265625,1577.071044921875,0,0,0,0,0,0,0,0,0,0,0,0,0,0,0,0,0,0,wild throw
0,1603.8757019042969,1257.8053588867188,0,0,0,0,0,0,0,0,0,0,0,0,0,0,0,0,0,0,DP
0,787.46923828125,842.24072265625,0,0,0,1,0,0,0,0,0,0,0,0,0,0,0,0,0,0,6S
0,1223.429931640625,1583.8792724609375,0,0,0,0,0,0,0,0,0,0,0,0,0,0,0,0,0,0,run
0,610.6053466796875,88.75927734375,1,0,0,0,0,0,0,0,0,1,1,1,1,0,0,0,0,1,f.S
0,1547.77685546875,1452.90576171875,0,0,0,0,0,0,0,0,0,0,0,0,0,0,0,0,0,0,c.S
3,1159.8173828125,1580.978515625,0,1,0,0,0,0,0,1,1,1,1,1,1,0,0,1,1,1,5H
5,1006.4415283203125,860.0615234375,1,1,0,0,0,0,0,0,0,0,0,0,0,0,0,0,0,0,backdash
0,1281.7376708984375,1216.892333984375,0,0,0,0,0,0,0,0,0,0,0,0,0,0,0,0,0,0,run
0,654.608642578125,654.62841796875,0,0,0,0,0,0,0,0,0,0,0,0,0,0,0,0,0,0,2S
0,949.6871337890625,1605.79150390625,0,0,0,0,0,0,0,0,0,0,0,0,0,0,0,0,0,0,run
0,1776.666015625,1577.0389404296875,0,0,0,0,0,0,0,0,0,0,0,0,0,0,0,0,0,0,throw
0,998.4768676757812,1728.9469909667969,0,0,0,1,0,0,0,0,0,0,0,0,0,0,0,0,0,0,run
3,1212.8358154296875,1586.03955078125,0,1,0,1,0,0,0,1,1,1,1,1,1,0,0,1,1,1,5H
0,1647.9217224121094,469.90234375,1,0,0,0,0,0,0,0,0,0,0,0,0,0,0,0,0,0,backdash
0,1769.263412475586,572.100830078125,0,0,0,0,0,0,0,0,0,0,0,0,0,0,0,0,0,0,run
0,947.848388671875,613.368896484375,0,0,0,0,0,0,0,0,0,0,0,0,0,0,0,0,0,0,run
0,622.254150390625,520.773681640625,0,0,0,0,0,0,0,0,0,0,0,0,0,0,0,0,0,0,f.S
2,238.367431640625,493.7796630859375,0,1,0,0,0,0,0,0,1,0,0,0,0,0,0,0,1,0,5H
0,653.445556640625,653.443603515625,0,0,0,0,0,0,0,0,0,0,0,0,0,0,0,0,0,0,f.S
2,395.14013671875,703.5338134765625,0,1,0,0,0,0,0,0,1,0,0,0,0,0,0,0,1,0,2K
-2,690.0570068359375,591.379638671875,1,0,0,0,0,0,0,0,1,0,0,0,0,0,0,0,1,0,backdash
0,864.16162109375,1133.0194702148438,0,0,0,0,0,0,0,0,0,0,0,0,0,0,0,0,0,0,f.S
0,1043.3873901367188,875.499755859375,0,0,0,0,0,0,0,0,0,0,0,0,0,0,0,0,0,0,f.S
0,989.907958984375,510.7257080078125,0,0,0,0,0,0,0,0,0,0,0,0,0,0,0,0,0,0,f.S
0,735.882080078125,525.8487548828125,0,0,0,0,0,0,0,0,0,0,0,0,0,0,0,0,0,0,f.S
2,8.7769775390625,368.2894287109375,0,1,0,0,0,0,0,0,1,0,0,0,0,0,0,0,1,0,5H
-5,652.39306640625,1066.9690551757812,0,1,0,0,0,0,0,0,0,0,0,0,0,0,0,0,0,0,6S
0,1139.943115234375,607.772216796875,1,0,0,0,0,0,0,0,0,0,0,0,0,0,0,0,0,0,f.S
0,730.6787109375,811.80029296875,0,0,0,0,0,0,0,0,0,0,0,0,0,0,0,0,0,0,f.S
0,838.17333984375,620.92041015625,0,0,0,0,0,0,0,0,0,0,0,0,0,0,0,0,0,0,f.S
0,1281.665771484375,1699.3747863769531,0,0,0,0,0,0,0,0,0,0,0,0,0,0,0,0,0,0,run
0,1679.4156494140625,672.68359375,0,0,0,0,0,0,0,0,0,0,0,0,0,0,0,0,0,0,6S
0,591.112548828125,1466.8774719238281,0,0,0,0,0,0,0,0,0,0,0,0,0,0,0,0,0,0,6S
0,581.706787109375,956.5181884765625,0,0,0,0,0,0,0,0,0,0,0,0,0,0,0,0,0,0,run
0,232.9365234375,1004.29541015625,0,0,0,0,0,0,0,0,0,0,0,0,0,0,0,0,0,0,6S
0,892.505615234375,71.4068603515625,0,0,0,0,0,0,0,0,0,0,0,0,0,0,0,0,0,0,backdash
0,613.23974609375,1337.1207885742188,0,0,0,0,0,0,0,0,0,0,0,0,0,0,0,0,0,0,6S
0,996.484375,969.5045166015625,0,0,0,0,0,0,0,0,0,0,0,0,0,0,0,0,0,0,backdash
7,970.1744995117188,1120.587646484375,1,0,0,0,0,0,0,0,0,0,0,0,0,0,0,0,0,0,fafnir
0,950.35888671875,335.51806640625,0,0,0,0,0,0,0,0,0,0,0,0,0,0,0,0,0,0,6S
0,690.2935791015625,1604.8507690429688,0,0,0,0,0,0,0,0,0,0,0,0,0,0,0,0,0,0,f.S
2,1130.8176879882812,1632.2857971191406,0,1,0,0,0,0,0,0,1,0,0,0,0,0,0,0,1,0,5H
-2,186.1552734375,675.7052001953125,1,0,0,0,0,0,0,0,1,0,0,0,0,0,0,0,1,0,5K
0,1165.4775390625,1364.79736328125,0,0,0,1,0,0,0,0,0,0,0,0,0,0,0,0,0,0,run
0,842.158203125,610.75341796875,0,0,0,0,0,0,0,0,0,0,0,0,0,0,0,0,0,0,f.S
0,792.736328125,686.482421875,0,0,0,0,0,0,0,0,0,0,0,0,0,0,0,0,0,0,f.S
0,645.628662109375,602.133056640625,0,0,0,0,0,0,0,0,0,0,0,0,0,0,0,0,0,0,6S
7,652.921142578125,1670.67236328125,1,0,0,0,0,0,0,0,0,0,0,0,0,0,0,0,0,0,6S
0,1604.2634887695312,6.590576171875,0,0,0,0,0,0,0,0,0,0,0,0,0,0,0,0,0,0,f.S
0,909.853271484375,1628.7133178710938,0,0,0,0,0,0,0,0,0,0,0,0,0,0,0,0,0,0,2K
-2,736.919189453125,1632.2845458984375,0,1,0,0,0,0,0,0,0,1,1,1,1,0,0,0,0,1,6S
-7,369.5849609375,1588.8632507324219,0,1,0,0,0,0,0,0,0,0,0,0,0,0,0,0,0,0,6S
-2,1579.41455078125,1046.583251953125,1,0,0,0,0,0,0,0,1,0,0,0,0,0,0,0,1,0,DP
2,412.633056640625,361.3201904296875,1,1,0,0,0,0,0,0,0,0,0,0,0,0,0,0,0,0,backdash
0,913.59814453125,660.1600341796875,0,0,0,0,0,0,0,0,0,0,0,0,0,0,0,0,0,0,f.S
0,781.1732177734375,566.626220703125,0,0,0,0,0,0,0,0,0,0,0,0,0,0,0,0,0,0,f.S
0,590.24365234375,731.250244140625,0,0,0,0,0,0,0,0,0,0,0,0,0,0,0,0,0,0,f.S
0,623.6943359375,742.25,0,1,0,0,0,0,0,0,0,0,0,0,0,0,0,0,0,0,backdash
0,797.8974609375,1010.9609375,1,0,0,0,0,0,0,0,0,0,0,0,0,0,0,0,0,0,backdash
0,1126.451416015625,1390.5811767578125,0,0,0,0,0,0,0,0,0,0,0,0,0,0,0,0,0,0,6S
0,1124.4591064453125,767.260986328125,0,0,0,0,0,0,0,0,0,0,0,0,0,0,0,0,0,0,run
0,735.32666015625,489.975341796875,0,0,0,0,0,0,0,0,0,0,0,0,0,0,0,0,0,0,backdash
0,1068.407470703125,71.552978515625,0,0,0,0,0,0,0,0,0,0,0,0,0,0,0,0,0,0,6H
0,295.181396484375,669.629638671875,0,0,0,0,0,0,0,0,0,0,0,0,0,0,0,0,0,0,5K
0,922.516845703125,1629.24853515625,0,1,0,0,0,0,0,0,0,0,0,0,0,0,0,0,0,0,run
0,1263.92041015625,1638.35009765625,0,0,0,0,0,0,0,0,0,0,0,0,0,0,0,0,0,0,2K
-2,752.130615234375,1632.282958984375,0,1,0,0,0,0,0,0,0,1,1,1,1,0,0,0,0,1,f.S
2,938.257568359375,1629.24853515625,0,1,0,0,0,0,0,0,1,0,0,0,0,0,0,0,1,0,2K
-2,633.66552734375,1705.3173828125,0,1,0,0,0,0,0,0,0,1,1,1,1,0,0,0,0,1,6S
0,141.364990234375,1563.48876953125,0,1,0,0,0,0,0,0,0,0,0,0,0,0,0,0,0,0,backdash
0,1614.21044921875,598.7677001953125,1,0,0,0,0,0,0,0,0,0,0,0,0,0,0,0,0,0,6H
0,534.8271484375,1449.588134765625,0,0,0,0,0,0,0,0,0,0,0,0,0,0,0,0,0,0,6H
0,488.44677734375,1855.43603515625,0,0,0,1,0,0,0,0,0,0,0,0,0,0,0,0,0,0,fafnir
0,745.34619140625,159.343994140625,0,0,0,0,0,0,0,0,0,0,0,0,0,0,0,0,0,0,backdash
0,1768.505126953125,1643.678466796875,0,0,0,0,0,0,0,0,0,0,0,0,0,0,0,0,0,0,backdash
0,1576.913330078125,523.40576171875,0,0,0,0,0,0,0,0,0,0,0,0,0,0,0,0,0,0,5K
0,616.51904296875,1617.78125,0,0,0,0,0,0,0,0,0,0,0,0,0,0,0,0,0,0,f.S
0,1679.354736328125,1428.66015625,0,0,0,0,0,0,0,0,0,0,0,0,0,0,0,0,0,0,run
0,502.31103515625,423.0306396484375,0,0,0,0,0,0,0,0,0,0,0,0,0,0,0,0,0,0,2S
0,805.5050048828125,805.521484375,0,0,0,0,0,0,0,0,0,0,0,0,0,0,0,0,0,0,DP
0,805.521484375,805.5050048828125,0,0,0,0,0,0,0,0,0,0,0,0,0,0,0,0,0,0,6H
0,822.528564453125,854.180908203125,0,0,0,0,0,0,0,0,0,0,0,0,0,0,0,0,0,0,run
0,266.799560546875,894.345703125,0,0,0,0,0,0,0,0,0,0,0,0,0,0,0,0,0,0,f.S
2,44.302734375,434.803955078125,0,1,0,0,0,0,0,0,1,0,0,0,0,0,0,0,1,0,5H
5,692.8154296875,385.842529296875,1,0,0,0,0,0,0,0,0,0,0,0,0,0,0,0,0,0,backdash
0,1058.010009765625,955.3416137695312,0,0,0,0,0,0,0,0,0,0,0,0,0,0,0,0,0,0,fafnir
0,1038.1509399414062,207.896484375,0,0,0,0,0,0,0,0,0,0,0,0,0,0,0,0,0,0,backdash
0,953.6581420898438,100.233642578125,0,0,0,0,0,0,0,0,0,0,0,0,0,0,0,0,0,0,f.S
0,1617.345947265625,408.27587890625,0,0,0,0,0,0,0,0,0,0,0,0,0,0,0,0,0,0,2S
0,1598.254150390625,1681.0339660644531,0,0,0,0,0,0,0,0,0,0,0,0,0,0,0,0,0,0,run
0,796.549560546875,326.1416015625,0,0,0,0,0,0,0,0,0,0,0,0,0,0,0,0,0,0,backdash
0,1066.953857421875,1233.5897216796875,0,0,0,0,0,0,0,0,0,0,0,0,0,0,0,0,0,0,fafnir
11,672.864013671875,1038.419189453125,0,1,0,0,0,0,0,0,0,0,0,0,0,0,0,0,0,0,run
-11,625.6058349609375,78.5322265625,1,0,0,0,0,0,0,0,0,0,0,0,0,0,0,0,0,0,DP
0,78.5322265625,625.6058349609375,0,0,0,0,0,0,0,0,0,0,0,0,0,0,0,0,0,0,f.S
0,57.5965576171875,776.19775390625,0,0,0,0,0,0,0,0,0,0,0,0,0,0,0,0,0,0,backdash
0,647.84716796875,436.1939697265625,0,0,0,0,0,0,0,0,0,0,0,0,0,0,0,0,0,0,throw
0,709.6085205078125,659.182861328125,0,0,0,0,0,0,0,0,0,0,0,0,0,0,0,0,0,0,6H
0,268.2347412109375,1134.41845703125,0,0,0,0,0,0,0,0,0,0,0,0,0,0,0,0,0,0,6S
0,1026.69775390625,226.4718017578125,0,0,0,0,0,0,0,0,0,0,0,0,0,0,0,0,0,0,backdash
0,1543.432373046875,66.2572021484375,1,0,0,0,0,0,0,0,0,0,0,0,0,0,0,0,0,0,6P
0,1537.3046875,451.5325927734375,0,0,0,0,0,0,0,0,0,0,0,0,0,0,0,0,0,0,2S
0,580.76123046875,1560.400390625,0,1,0,0,0,0,0,0,0,0,0,0,0,0,0,0,0,0,fafnir
0,788.67041015625,1626.247314453125,0,0,0,0,0,0,0,0,0,0,0,0,0,0,0,0,0,0,f.S
2,752.746826171875,1579.452392578125,0,1,0,0,0,0,0,0,1,0,0,0,0,0,0,0,1,0,backdash
0,1649.872314453125,133.2587890625,1,0,0,0,0,0,0,0,1,0,0,0,0,0,0,0,1,0,f.S
0,102.0589599609375,807.88134765625,0,0,0,0,0,0,0,0,0,0,0,0,0,0,0,0,0,0,6H
0,677.799072265625,1452.2969055175781,0,0,0,0,0,0,0,0,0,0,0,0,0,0,0,0,0,0,run
0,1058.2584838867188,575.147216796875,0,0,0,0,0,0,0,0,0,0,0,0,0,0,0,0,0,0,backdash
0,1364.7864379882812,949.172607421875,0,0,0,0,0,0,0,0,0,0,0,0,0,0,0,0,0,0,6S
0,952.1240234375,773.4964599609375,0,0,0,0,0,0,0,0,0,0,0,0,0,0,0,0,0,0,6S
0,977.15966796875,1358.1758422851562,0,1,0,0,0,0,0,0,0,0,0,0,0,0,0,0,0,0,2P
-14,64.2694091796875,402.464111328125,1,1,0,0,0,0,0,0,0,0,0,0,0,0,0,0,0,0,6S
0,894.071044921875,888.636962890625,0,0,0,0,0,0,0,0,0,0,0,0,0,0,0,0,0,0,f.S
0,879.532958984375,341.5399169921875,1,0,0,0,0,0,0,0,0,0,0,0,0,0,0,0,0,0,backdash
0,1128.6578979492188,1229.73193359375,0,0,0,0,0,0,0,0,0,0,0,0,0,0,0,0,0,0,backdash
0,1164.209716796875,1214.5560302734375,0,0,0,0,0,0,0,0,0,0,0,0,0,0,0,0,0,0,6S
0,974.302978515625,1253.3460693359375,0,0,0,0,0,0,0,0,0,0,0,0,0,0,0,0,0,0,fafnir
0,1050.5455932617188,335.9111328125,0,0,0,0,0,0,0,0,0,0,0,0,0,0,0,0,0,0,run
0,374.579345703125,646.012939453125,0,0,0,0,0,0,0,0,0,0,0,0,0,0,0,0,0,0,f.S
0,707.901123046875,268.084228515625,0,0,0,0,0,0,0,0,0,0,0,0,0,0,0,0,0,0,2S
0,246.2232666015625,880.785400390625,0,0,0,0,0,0,0,0,0,0,0,0,0,0,0,0,0,0,run
0,143.7685546875,717.903076171875,0,0,0,0,0,0,0,0,0,0,0,0,0,0,0,0,0,0,2K
-2,407.0462646484375,404.857177734375,0,1,0,0,0,0,0,0,0,1,1,1,1,0,0,0,0,1,2D
0,498.3046875,1600.8662109375,0,0,0,0,0,0,0,0,0,0,0,0,0,0,0,0,0,0,6H
0,1604.318359375,265.6171875,1,0,0,0,0,0,0,0,0,0,0,0,0,0,0,0,0,0,2S
0,1595.929931640625,813.066162109375,0,0,0,0,0,0,0,0,0,0,0,0,0,0,0,0,0,0,run
0,1074.9209594726562,1142.044677734375,0,0,0,0,0,0,0,0,0,0,0,0,0,0,0,0,0,0,backdash
0,219.9775390625,738.611328125,0,0,0,0,0,0,0,0,0,0,0,0,0,0,0,0,0,0,backdash
0,742.48095703125,124.3316650390625,0,0,0,0,0,0,0,0,0,0,0,0,0,0,0,0,0,0,DP
0,602.1123046875,276.44580078125,0,0,0,0,0,0,0,0,0,0,0,0,0,0,0,0,0,0,f.S
3,64.39794921875,644.183349609375,0,1,0,0,0,0,0,1,1,1,1,1,1,0,0,1,1,1,f.S
2,534.406982421875,1151.53173828125,0,1,0,0,0,0,0,0,1,0,0,0,0,0,0,0,1,0,run
0,1218.209716796875,1186.007568359375,0,0,0,0,0,0,0,0,0,0,0,0,0,0,0,0,0,0,throw
0,1041.25537109375,1704.517578125,0,0,0,1,0,0,0,0,0,0,0,0,0,0,0,0,0,0,f.S
0,1607.811279296875,1610.361572265625,1,0,1,0,0,0,0,0,1,0,0,0,0,0,0,0,1,0,backdash
0,1638.702392578125,1501.774169921875,0,0,0,0,0,0,0,0,0,0,0,0,0,0,0,0,0,0,5K
0,524.3505859375,1351.444091796875,0,0,0,0,0,0,0,0,0,0,0,0,0,0,0,0,0,0,backdash
0,425.6707763671875,1601.755126953125,0,0,0,0,0,0,0,0,0,0,0,0,0,0,0,0,0,0,6S
0,11.3255615234375,1600.553955078125,0,0,0,0,0,0,0,0,0,0,0,0,0,0,0,0,0,0,backdash
0,1601.746826171875,558.1201171875,0,0,0,0,0,0,0,0,0,0,0,0,0,0,0,0,0,0,2S
0,396.108642578125,1667.263916015625,0,0,0,0,0,0,0,0,0,0,0,0,0,0,0,0,0,0,backdash
0,1638.718017578125,506.0184326171875,0,0,0,0,0,0,0,0,0,0,0,0,0,0,0,0,0,0,backdash
0,758.255615234375,752.12158203125,0,0,0,0,0,0,0,0,0,0,0,0,0,0,0,0,0,0,backdash
0,1120.451171875,1173.024658203125,0,0,0,0,0,0,0,0,0,0,0,0,0,0,0,0,0,0,6S
0,1139.8245239257812,617.741455078125,0,0,0,0,0,0,0,0,0,0,0,0,0,0,0,0,0,0,run
0,833.001220703125,135.396728515625,0,0,0,0,0,0,0,0,0,0,0,0,0,0,0,0,0,0,backdash
0,111.7274169921875,1159.40478515625,0,0,0,0,0,0,0,0,0,0,0,0,0,0,0,0,0,0,f.S
0,761.1236572265625,1287.745849609375,0,0,0,0,0,0,0,0,0,0,0,0,0,0,0,0,0,0,run
0,975.56787109375,363.5306396484375,0,0,0,0,0,0,0,0,0,0,0,0,0,0,0,0,0,0,backdash
0,546.7591552734375,1674.812744140625,0,0,0,0,0,0,0,0,0,0,0,0,0,0,0,0,0,0,run
0,1674.947265625,116.86572265625,0,0,0,0,0,0,0,0,0,0,0,0,0,0,0,0,0,0,f.S
0,1284.437255859375,1261.15576171875,1,0,0,0,0,0,0,0,0,0,0,0,0,0,0,0,0,0,run
0,331.0552978515625,1186.501220703125,0,0,0,0,0,0,0,0,0,0,0,0,0,0,0,0,0,0,6S
0,1186.501220703125,331.0552978515625,0,1,0,0,0,0,0,0,0,0,0,0,0,0,0,0,0,0,backdash
0,1132.30126953125,1645.47900390625,0,0,0,0,0,0,0,0,0,0,0,0,0,0,0,0,0,0,backdash
0,1478.439697265625,300.515380859375,0,0,0,0,0,0,0,0,0,0,0,0,0,0,0,0,0,0,6S
0,294.9788818359375,570.166259765625,0,0,0,0,0,0,0,0,0,0,0,0,0,0,0,0,0,0,c.S
0,464.964111328125,269.048828125,1,0,0,0,0,0,0,0,0,0,0,0,0,0,0,0,0,0,DP
0,43.57763671875,314.575439453125,0,1,0,0,0,0,0,0,0,0,0,0,0,0,0,0,0,0,run
0,411.691162109375,367.70703125,0,0,0,0,0,0,0,0,0,0,0,0,0,0,0,0,0,0,c.S
0,442.904296875,706.01708984375,0,0,0,0,0,0,0,0,0,0,0,0,0,0,0,0,0,0,run
0,29.1478271484375,225.22900390625,0,0,0,0,0,0,0,0,0,0,0,0,0,0,0,0,0,0,f.S
0,825.130126953125,1625.684814453125,0,0,0,0,0,0,0,0,0,0,0,0,0,0,0,0,0,0,2K
0,340.8974609375,1638.5595703125,0,0,0,0,0,0,0,0,0,0,0,0,0,0,0,0,0,0,f.S
0,1649.86279296875,637.592529296875,1,0,0,0,0,0,0,0,0,0,0,0,0,0,0,0,0,0,f.S
2,1570.293701171875,1582.465576171875,0,1,0,0,0,0,0,0,1,0,0,0,0,0,0,0,1,0,5H
0,865.18505859375,920.5772094726562,1,0,0,0,0,0,0,0,0,0,0,0,0,0,0,0,0,0,backdash
0,986.2284545898438,1350.014404296875,1,0,0,0,0,0,0,0,0,0,0,0,0,0,0,0,0,0,run
0,1179.776611328125,256.586181640625,0,0,0,0,0,0,0,0,0,0,0,0,0,0,0,0,0,0,backdash
0,183.2606201171875,1222.942626953125,0,0,0,0,0,0,0,0,0,0,0,0,0,0,0,0,0,0,f.S
0,701.50537109375,1308.4603271484375,0,0,0,0,0,0,0,0,0,0,0,0,0,0,0,0,0,0,run
0,415.215576171875,1296.7171020507812,0,0,0,0,0,0,0,0,0,0,0,0,0,0,0,0,0,0,6S
0,1053.4267578125,17.7498779296875,0,0,0,0,0,0,0,0,0,0,0,0,0,0,0,0,0,0,6P
0,632.728515625,632.7034912109375,0,0,0,0,0,0,0,0,0,0,0,0,0,0,0,0,0,0,6H
22,1215.4174194335938,268.901123046875,1,0,0,0,0,0,0,0,0,0,0,0,0,0,0,0,0,0,run
0,502.2811279296875,283.986328125,0,0,0,0,0,0,0,0,0,0,0,0,0,0,0,0,0,0,f.S
-22,822.002197265625,64.2452392578125,0,1,0,0,0,0,0,0,0,0,0,0,0,0,0,0,0,0,backdash
0,1.3104248046875,1580.13916015625,0,0,0,0,0,0,0,0,0,0,0,0,0,0,0,0,0,0,run
0,672.295654296875,1840.796875,0,0,0,0,0,0,0,0,0,0,0,0,0,0,0,0,0,0,f.S
2,1350.180419921875,1576.42626953125,0,1,0,0,0,0,0,0,1,0,0,0,0,0,0,0,1,0,5H
-14,471.524169921875,1232.4912109375,1,1,0,0,0,0,0,0,0,0,0,0,0,0,0,0,0,0,6S
0,712.460205078125,1638.6669921875,0,0,0,0,0,0,0,0,0,0,0,0,0,0,0,0,0,0,backdash
14,772.817626953125,1663.9599609375,1,1,0,0,0,0,0,0,0,0,0,0,0,0,0,0,0,0,f.S
0,1279.841796875,399.252197265625,0,0,0,0,0,0,0,0,0,0,0,0,0,0,0,0,0,0,6S
0,785.081298828125,270.977294921875,0,0,0,0,0,0,0,0,0,0,0,0,0,0,0,0,0,0,6P
0,1563.48876953125,663.030517578125,0,0,0,0,0,0,0,0,0,0,0,0,0,0,0,0,0,0,2P
0,303.2861328125,1605.327392578125,0,0,0,0,0,0,0,0,0,0,0,0,0,0,0,0,0,0,f.S
0,1257.755859375,1631.3251953125,0,0,0,0,0,0,0,0,0,0,0,0,0,0,0,0,0,0,5K
0,691.933837890625,1652.16162109375,0,0,0,0,0,0,0,0,0,0,0,0,0,0,0,0,0,0,run
0,890.016357421875,810.140869140625,0,0,0,0,0,0,0,0,0,0,0,0,0,0,0,0,0,0,6S
-7,731.439208984375,1244.0872802734375,0,1,0,0,0,0,0,0,0,0,0,0,0,0,0,0,0,0,f.S
0,1170.5155029296875,377.314697265625,1,0,0,0,0,0,0,0,0,0,0,0,0,0,0,0,0,0,run
0,519.274658203125,460.136962890625,0,0,0,0,0,0,0,0,0,0,0,0,0,0,0,0,0,0,backdash
0,1000.93017578125,991.4170532226562,0,0,0,0,0,0,0,0,0,0,0,0,0,0,0,0,0,0,2S
0,1126.6448974609375,1031.525634765625,0,0,0,0,0,0,0,0,0,0,0,0,0,0,0,0,0,0,run
0,1082.467529296875,598.03515625,0,0,0,0,0,0,0,0,0,0,0,0,0,0,0,0,0,0,backdash
0,1620.3012390136719,568.9713134765625,0,0,0,0,0,0,0,0,0,0,0,0,0,0,0,0,0,0,5K
0,322.748046875,1604.26416015625,0,0,0,0,0,0,0,0,0,0,0,0,0,0,0,0,0,0,2S
0,1604.2449951171875,558.6436767578125,0,0,0,0,0,0,0,0,0,0,0,0,0,0,0,0,0,0,2P
0,412.868408203125,1596.1929626464844,0,0,0,0,0,0,0,0,0,0,0,0,0,0,0,0,0,0,2S
14,318.61279296875,1596.2465515136719,1,1,0,0,0,0,0,0,0,0,0,0,0,0,0,0,0,0,run
-14,245.0902099609375,169.5146484375,0,1,0,0,0,0,0,0,0,1,1,1,1,0,0,0,0,1,6S
0,779.8671875,242.098876953125,1,0,0,0,0,0,0,0,0,0,0,0,0,0,0,0,0,0,5P
0,737.078857421875,760.67578125,0,0,0,0,0,0,0,0,0,0,0,0,0,0,0,0,0,0,backdash
0,813.8782958984375,919.517333984375,0,0,0,0,0,0,0,0,0,0,0,0,0,0,0,0,0,0,run
0,945.358154296875,550.3687744140625,0,0,0,0,0,0,0,0,0,0,0,0,0,0,0,0,0,0,6S
7,651.45166015625,189.9923095703125,1,0,0,0,0,0,0,0,0,0,0,0,0,0,0,0,0,0,5P
-7,226.2249755859375,672.197509765625,0,1,0,0,0,0,0,0,0,0,0,0,0,0,0,0,0,0,5K
0,1124.883056640625,1017.78662109375,0,0,0,0,0,0,0,0,0,0,0,0,0,0,0,0,0,0,backdash
0,1086.217041015625,1360.9658203125,0,0,0,0,0,0,0,0,0,0,0,0,0,0,0,0,0,0,run
0,506.709228515625,690.915283203125,0,0,0,0,0,0,0,0,0,0,0,0,0,0,0,0,0,0,c.S
3,19.689453125,456.961181640625,0,1,0,0,0,0,0,1,1,1,1,1,1,0,0,1,1,1,f.S
0,1050.0283203125,807.0,0,1,0,0,0,0,0,0,0,0,0,0,0,0,0,0,0,0,backdash
0,1063.634521484375,108.785888671875,0,0,0,0,0,0,0,0,0,0,0,0,0,0,0,0,0,0,2S
0,833.65576171875,792.4227294921875,0,0,0,0,0,0,0,0,0,0,0,0,0,0,0,0,0,0,backdash
0,845.6585693359375,1576.557861328125,1,0,0,0,0,0,0,0,0,0,0,0,0,0,0,0,0,0,run
0,1492.7705078125,422.426025390625,0,0,0,0,0,0,0,0,0,0,0,0,0,0,0,0,0,0,run
0,389.648681640625,284.924072265625,0,0,0,0,0,0,0,0,0,0,0,0,0,0,0,0,0,0,DP
0,152.3671875,724.0721435546875,0,0,0,0,0,0,0,0,0,0,0,0,0,0,0,0,0,0,f.S
0,610.566162109375,66.78857421875,0,0,0,0,0,0,0,0,0,0,0,0,0,0,0,0,0,0,6P
0,229.6168212890625,1245.4892578125,0,0,0,0,0,0,0,0,0,0,0,0,0,0,0,0,0,0,6S
0,865.282958984375,373.60546875,0,0,0,0,0,0,0,0,0,0,0,0,0,0,0,0,0,0,6P
0,221.500244140625,1089.0798950195312,0,0,0,0,0,0,0,0,0,0,0,0,0,0,0,0,0,0,6S
0,952.71533203125,58.5831298828125,0,0,0,0,0,0,0,0,0,0,0,0,0,0,0,0,0,0,backdash
0,915.0018310546875,1668.7208862304688,0,0,0,0,0,0,0,0,0,0,0,0,0,0,0,0,0,0,2S
0,823.9405517578125,1600.4902954101562,1,0,0,0,0,0,0,0,0,0,0,0,0,0,0,0,0,0,f.S
2,1019.6617431640625,1629.2480163574219,0,1,0,0,0,0,0,0,1,0,0,0,0,0,0,0,1,0,2K
-2,1629.2480163574219,916.91845703125,1,0,0,0,0,0,0,0,1,0,0,0,0,0,0,0,1,0,2K
0,97.1456298828125,1601.7062072753906,0,0,0,0,0,0,0,0,0,0,0,0,0,0,0,0,0,0,f.S
0,1543.40673828125,317.734619140625,1,0,0,0,0,0,0,0,0,0,0,0,0,0,0,0,0,0,6S
0,349.936767578125,1342.3458251953125,0,0,0,0,0,0,0,0,0,0,0,0,0,0,0,0,0,0,run
0,996.5807495117188,1450.37158203125,0,0,0,0,0,0,0,0,0,0,0,0,0,0,0,0,0,0,run
0,519.94677734375,662.8477783203125,0,0,0,0,0,0,0,0,0,0,0,0,0,0,0,0,0,0,2S
0,655.41650390625,551.505615234375,0,0,0,0,0,0,0,0,0,0,0,0,0,0,0,0,0,0,run
0,294.70263671875,240.1533203125,0,0,0,0,0,0,0,0,0,0,0,0,0,0,0,0,0,0,5K
0,338.4522705078125,248.28369140625,0,0,0,0,0,0,0,0,0,0,0,0,0,0,0,0,0,0,f.S
0,205.0355224609375,448.06494140625,0,0,0,0,0,0,0,0,0,0,0,0,0,0,0,0,0,0,c.S
30,408.899169921875,381.6300048828125,1,0,0,0,0,0,0,0,0,0,0,0,0,0,0,0,0,0,run
0,267.1612548828125,301.6053466796875,0,0,0,0,0,0,0,0,0,0,0,0,0,0,0,0,0,0,c.S
0,654.608642578125,654.62841796875,0,0,0,0,0,0,0,0,0,0,0,0,0,0,0,0,0,0,2D
0,814.728515625,771.7353515625,0,0,0,0,0,0,0,0,0,0,0,0,0,0,0,0,0,0,backdash
0,1127.8045654296875,1516.691162109375,0,0,0,0,0,0,0,0,0,0,0,0,0,0,0,0,0,0,run
0,1191.214599609375,679.8580322265625,0,0,0,0,0,0,0,0,0,0,0,0,0,0,0,0,0,0,2P
0,1576.883056640625,677.302001953125,0,0,0,0,0,0,0,0,0,0,0,0,0,0,0,0,0,0,5K
-14,1590.5537109375,771.038818359375,0,1,0,0,0,0,0,0,0,1,1,1,1,0,0,0,0,1,6S
14,298.134765625,699.259765625,1,0,0,0,0,0,0,0,0,1,1,1,1,0,0,0,0,1,f.S
0,506.471923828125,992.5291748046875,0,0,0,0,0,0,0,0,0,0,0,0,0,0,0,0,0,0,run
0,148.769775390625,818.63916015625,0,0,0,0,0,0,0,0,0,0,0,0,0,0,0,0,0,0,f.S
0,605.310302734375,480.808837890625,1,0,0,0,0,0,0,0,0,0,0,0,0,0,0,0,0,0,f.S
2,423.682861328125,606.1904296875,0,1,0,0,0,0,0,0,1,0,0,0,0,0,0,0,1,0,run
0,31.1572265625,518.81005859375,0,0,0,0,0,0,0,0,0,0,0,0,0,0,0,0,0,0,f.S
2,33.66357421875,466.427978515625,0,1,0,0,0,0,0,0,1,0,0,0,0,0,0,0,1,0,5H
-2,461.892578125,60.80859375,1,0,0,0,0,0,0,0,1,0,0,0,0,0,0,0,1,0,5K
0,1638.69287109375,1793.6572265625,0,0,0,0,0,0,0,0,0,0,0,0,0,0,0,0,0,0,c.S
0,649.21142578125,1161.1605224609375,0,0,0,0,0,0,0,0,0,0,0,0,0,0,0,0,0,0,run
0,214.57373046875,962.4146728515625,0,0,0,0,0,0,0,0,0,0,0,0,0,0,0,0,0,0,f.S
0,1065.800537109375,1037.5722045898438,0,1,0,0,0,0,0,0,0,0,0,0,0,0,0,0,0,0,run
0,354.21826171875,1069.1357421875,0,0,0,0,0,0,0,0,0,0,0,0,0,0,0,0,0,0,6P
0,885.415283203125,689.339111328125,1,0,0,0,0,0,0,0,0,0,0,0,0,0,0,0,0,0,run
0,698.52099609375,506.525634765625,0,0,0,0,0,0,0,0,0,0,0,0,0,0,0,0,0,0,2S
0,126.9879150390625,578.98583984375,0,0,0,0,0,0,0,0,0,0,0,0,0,0,0,0,0,0,f.S
0,985.7685546875,1134.76513671875,0,1,0,0,0,0,0,0,0,0,0,0,0,0,0,0,0,0,run
0,481.3115234375,1155.6826171875,0,0,0,0,0,0,0,0,0,0,0,0,0,0,0,0,0,0,6S
0,1097.5914916992188,1576.9945373535156,0,1,0,0,0,0,0,0,0,0,0,0,0,0,0,0,0,0,f.S
2,1123.8612060546875,1579.4198608398438,0,1,0,0,0,0,0,0,1,0,0,0,0,0,0,0,1,0,run
-2,1579.4198608398438,1327.3016357421875,1,0,0,0,0,0,0,0,1,0,0,0,0,0,0,0,1,0,5K
7,635.159912109375,122.778564453125,1,0,0,0,0,0,0,0,0,0,0,0,0,0,0,0,0,0,DP
0,469.236572265625,471.1912841796875,0,1,0,0,0,0,0,0,0,0,0,0,0,0,0,0,0,0,2S
0,948.532470703125,963.5737915039062,0,1,0,0,0,0,0,0,0,0,0,0,0,0,0,0,0,0,run
0,1563.258056640625,1528.7286071777344,1,0,0,0,0,0,0,0,0,0,0,0,0,0,0,0,0,0,run
0,898.5263671875,1366.1387939453125,0,0,0,0,0,0,0,0,0,0,0,0,0,0,0,0,0,0,6S
0,755.319580078125,1269.3116455078125,0,0,0,0,0,0,0,0,0,0,0,0,0,0,0,0,0,0,backdash
0,1284.0189819335938,1642.996826171875,0,0,0,0,0,0,0,0,0,0,0,0,0,0,0,0,0,0,run
0,1480.789306640625,815.044921875,0,0,0,0,0,0,0,0,0,0,0,0,0,0,0,0,0,0,run
0,716.24755859375,1003.793701171875,0,0,0,0,0,0,0,0,0,0,0,0,0,0,0,0,0,0,6S
