0,1276.56396484375,2578.390869140625,0,0,0,0,0,0,0,0,0,0,0,0,0,0,0,0,6H
22,2414.698974609375,1685.16064453125,0,0,0,0,0,0,0,0,0,0,0,0,0,0,0,0,6S
-22,1200.815185546875,1824.01904296875,0,0,0,0,0,0,0,0,0,0,0,0,0,0,0,0,backdash
0,736.6914672851562,715.6322021484375,0,0,0,0,0,0,0,0,0,0,0,0,0,0,0,0,c.S
3,676.595458984375,300.22314453125,0,0,0,0,0,1,1,1,1,1,1,0,0,1,1,1,5H
0,280.16900634765625,1371.8126220703125,0,0,0,0,0,0,0,0,0,0,0,0,0,0,0,0,f.S
0,1459.205810546875,383.2879943847656,0,0,0,0,0,0,0,0,0,0,0,0,0,0,0,0,f.S
30,402.0958557128906,1247.2352294921875,0,0,0,0,0,0,0,0,0,0,0,0,0,0,0,0,run
0,1260.8980712890625,1246.055419921875,0,0,0,0,0,0,0,0,0,0,0,0,0,0,0,0,c.S
0,2021.5555419921875,2635.083984375,0,0,0,0,0,0,0,0,0,0,0,0,0,0,0,0,2K
-30,2581.53955078125,1845.4583740234375,0,0,0,0,0,0,0,0,0,0,0,0,0,0,0,0,backdash
0,1505.3427734375,2736.747314453125,0,0,0,0,0,0,0,0,0,0,0,0,0,0,0,0,f.S
0,643.2129516601562,3608.958984375,0,0,0,0,0,0,0,0,0,0,0,0,0,0,0,0,run
0,1481.3729248046875,3530.822998046875,0,0,0,0,0,0,0,0,0,0,0,0,0,0,0,0,backdash
0,1024.923095703125,3323.21826171875,0,0,0,0,0,0,0,0,0,0,0,0,0,0,0,0,run
0,1569.71728515625,3534.249755859375,0,0,0,0,0,0,0,0,0,0,0,0,0,0,0,0,6S
0,2406.853271484375,1109.7064208984375,0,0,0,0,0,0,0,0,0,0,0,0,0,0,0,0,5K
0,1114.329833984375,2604.662841796875,0,0,0,0,0,0,0,0,0,0,0,0,0,0,0,0,backdash
0,862.7113037109375,2993.19677734375,0,0,0,0,0,0,0,0,0,0,0,0,0,0,0,0,run
0,3043.798828125,1196.351318359375,0,0,0,0,0,0,0,0,0,0,0,0,0,0,0,0,backdash
0,1364.6390380859375,3464.273193359375,0,0,0,0,0,0,0,0,0,0,0,0,0,0,0,0,6S
0,3014.347900390625,1457.447265625,0,0,0,0,0,0,0,0,0,0,0,0,0,0,0,0,2S
0,2528.39453125,2761.505615234375,0,0,0,0,0,0,0,0,0,0,0,0,0,0,0,0,c.S
-3,3353.262451171875,2899.906005859375,0,0,0,0,0,1,1,1,1,1,1,0,0,1,1,1,backdash
0,2793.027587890625,3821.673583984375,0,0,0,0,0,0,0,0,0,0,0,0,0,0,0,0,2K
0,3394.9609375,3556.471923828125,0,0,0,0,0,0,0,0,0,0,0,0,0,0,0,0,c.S
0,2208.67822265625,1021.8865356445312,0,0,0,0,0,0,0,0,0,0,0,0,0,0,0,0,f.S
0,1330.852294921875,1694.8797607421875,0,0,0,0,0,0,0,0,0,0,0,0,0,0,0,0,backdash
0,1714.1268310546875,1274.1239013671875,0,0,0,0,0,0,0,0,0,0,0,0,0,0,0,0,f.S
0,1757.65234375,1082.17578125,0,0,0,0,0,0,0,0,0,0,0,0,0,0,0,0,f.S
0,1233.941650390625,1631.9696044921875,0,0,0,0,0,0,0,0,0,0,0,0,0,0,0,0,DP
0,3264.44873046875,808.4429931640625,0,0,0,0,0,0,0,0,0,0,0,0,0,0,0,0,backdash
-2,1348.3427734375,2725.13525390625,0,0,0,0,0,0,0,1,1,1,1,0,0,0,0,1,6S
0,2766.417236328125,1470.267333984375,0,0,0,0,0,0,0,1,1,1,1,0,0,0,0,1,backdash
0,3097.13134765625,1516.0726318359375,0,0,0,0,0,0,0,0,0,0,0,0,0,0,0,0,run
0,2323.150634765625,1472.6962890625,0,0,0,0,0,0,0,0,0,0,0,0,0,0,0,0,f.S
0,155.0197296142578,261.2895812988281,0,0,0,0,0,0,0,0,0,0,0,0,0,0,0,0,c.S
3,801.6033325195312,356.04486083984375,0,0,0,0,0,1,1,1,1,1,1,0,0,1,1,1,2K
-2,1629.133056640625,300.96307373046875,0,0,0,0,0,0,0,1,1,1,1,0,0,0,0,1,f.S
2,1413.00732421875,300.75115966796875,0,0,0,0,0,0,1,0,0,0,0,0,0,0,1,0,5H
0,3234.084716796875,1145.5072021484375,0,0,0,0,0,0,0,0,0,0,0,0,0,0,0,0,backdash
0,1145.5072021484375,3234.084716796875,0,0,0,0,0,0,0,0,0,0,0,0,0,0,0,0,DP
0,3064.5869140625,1341.49365234375,0,0,0,0,0,0,0,0,0,0,0,0,0,0,0,0,run
0,2402.75048828125,1386.864990234375,0,0,0,0,0,0,0,0,0,0,0,0,0,0,0,0,6S
0,2370.153564453125,2358.345947265625,0,0,0,0,0,0,0,0,0,0,0,0,0,0,0,0,c.S
3,1777.8123779296875,2402.353515625,0,0,0,0,0,1,1,1,1,1,1,0,0,1,1,1,2K
7,784.5698852539062,2314.8173828125,0,0,0,0,0,0,0,0,0,0,0,0,0,0,0,0,run
0,1425.8529052734375,2506.633544921875,0,0,0,0,0,0,0,0,0,0,0,0,0,0,0,0,6H
-7,2464.78125,1375.1884765625,0,0,0,0,0,0,0,0,0,0,0,0,0,0,0,0,f.S
0,1999.0718994140625,2715.823974609375,0,0,0,0,0,0,0,0,0,0,0,0,0,0,0,0,2K
0,2703.74560546875,1854.4366455078125,0,0,0,0,0,0,0,0,0,0,0,0,0,0,0,0,backdash
0,2803.8271484375,1525.403564453125,0,0,0,0,0,0,0,0,0,0,0,0,0,0,0,0,run
0,2151.154052734375,1498.4267578125,0,0,0,0,0,0,0,0,0,0,0,0,0,0,0,0,f.S
2,1903.173095703125,1475.780029296875,0,0,0,0,0,0,1,0,0,0,0,0,0,0,1,0,5H
-2,1468.5938720703125,2233.458984375,0,0,0,0,0,0,1,0,0,0,0,0,0,0,1,0,DP
0,3185.218994140625,3556.44580078125,0,0,0,0,0,0,0,0,0,0,0,0,0,0,0,0,2K
0,3338.805908203125,3598.78125,0,0,0,0,0,0,0,0,0,0,0,0,0,0,0,0,5K
0,3573.3984375,3135.525634765625,0,0,0,0,0,0,0,0,0,0,0,0,0,0,0,0,DP
0,2687.392822265625,1813.7132568359375,0,0,0,0,0,0,0,0,0,0,0,0,0,0,0,0,2K
0,1583.443115234375,2640.969482421875,0,0,0,0,0,0,0,0,0,0,0,0,0,0,0,0,f.S
0,798.824462890625,3050.041748046875,0,0,0,0,0,0,0,0,0,0,0,0,0,0,0,0,run
0,3050.041748046875,798.824462890625,0,0,0,0,0,0,0,0,0,0,0,0,0,0,0,0,6S
0,1096.235107421875,2125.72900390625,0,0,0,0,0,0,0,0,0,0,0,0,0,0,0,0,backdash
0,790.6539916992188,2637.847412109375,0,0,0,0,0,0,0,0,0,0,0,0,0,0,0,0,run
0,1278.181640625,2994.730712890625,0,0,0,0,0,0,0,0,0,0,0,0,0,0,0,0,6S
0,2419.389404296875,3595.854736328125,0,0,0,0,0,0,0,0,0,0,0,0,0,0,0,0,run
0,3166.06494140625,3568.153076171875,0,0,0,0,0,0,0,0,0,0,0,0,0,0,0,0,2K
-2,2710.066650390625,3559.27978515625,0,0,0,0,0,0,0,1,1,1,1,0,0,0,0,1,run
0,2942.585205078125,3568.5595703125,0,0,0,0,0,0,0,0,0,0,0,0,0,0,0,0,5K
-14,2823.81103515625,3556.245361328125,0,0,0,0,0,0,0,1,1,1,1,0,0,0,0,1,6S
-2,1790.3631591796875,2870.255859375,0,0,0,0,0,0,1,0,0,0,0,0,0,0,1,0,6S
0,1295.854248046875,2041.177001953125,0,0,0,0,0,0,0,0,0,0,0,0,0,0,0,0,DP
0,1972.500244140625,2103.155517578125,0,0,0,0,0,0,0,0,0,0,0,0,0,0,0,0,run
0,2370.9931640625,2260.824462890625,0,0,0,0,0,0,0,0,0,0,0,0,0,0,0,0,2K
-2,1730.5247802734375,2163.31396484375,0,0,0,0,0,0,0,1,1,1,1,0,0,0,0,1,2D
-4,1361.79638671875,3169.746337890625,0,1,0,0,0,0,0,0,0,0,0,0,0,0,0,0,run
0,2836.689697265625,2522.24951171875,0,0,0,0,0,0,0,0,0,0,0,0,0,0,0,0,run
0,2562.121826171875,2403.339599609375,0,0,0,0,0,0,0,0,0,0,0,0,0,0,0,0,6S
0,2403.339599609375,2562.121826171875,0,0,0,0,0,0,0,0,0,0,0,0,0,0,0,0,5K
0,1263.0687255859375,3063.42431640625,0,1,0,0,0,0,0,0,0,0,0,0,0,0,0,0,run
0,2238.5185546875,1920.0836181640625,1,0,0,0,0,0,0,0,0,0,0,0,0,0,0,0,backdash
0,1258.7095947265625,2660.810302734375,0,0,0,0,0,0,0,0,0,0,0,0,0,0,0,0,f.S
0,2660.810302734375,1258.7095947265625,0,0,0,0,0,0,0,0,0,0,0,0,0,0,0,0,f.S
-14,2163.404296875,1737.0960693359375,0,0,0,0,0,0,0,1,1,1,1,0,0,0,0,1,2D
0,1769.4237060546875,1620.7054443359375,0,0,0,0,0,0,0,0,0,0,0,0,0,0,0,0,throw
0,1827.4718017578125,279.049560546875,0,1,0,0,0,0,0,0,0,0,0,0,0,0,0,0,run
0,568.5643310546875,1007.3260498046875,0,0,0,0,0,0,0,1,1,1,1,0,0,0,0,1,DP
0,571.6373901367188,775.5565185546875,0,0,0,0,0,0,0,0,0,0,0,0,0,0,0,0,throw
0,1276.556396484375,2655.80615234375,0,0,0,0,0,0,0,0,0,0,0,0,0,0,0,0,backdash
-3,2475.73974609375,1911.9471435546875,0,0,0,0,0,1,1,1,1,1,1,0,0,1,1,1,5K
3,518.8668823242188,3629.61328125,0,0,0,0,0,1,1,1,1,1,1,0,0,1,1,1,run
0,2323.86083984375,2550.307861328125,0,0,0,0,0,0,0,0,0,0,0,0,0,0,0,0,5K
-14,1700.4794921875,2128.2744140625,0,0,0,0,0,0,0,1,1,1,1,0,0,0,0,1,2D
-4,3382.013427734375,3537.955078125,0,0,0,0,0,0,0,0,0,0,0,0,0,0,0,0,c.S
4,3506.883056640625,3466.23388671875,0,0,0,0,0,0,0,0,0,0,0,0,0,0,0,0,DP
0,2414.504638671875,1351.7364501953125,0,1,0,0,0,0,0,0,0,0,0,0,0,0,0,0,backdash
0,1431.6527099609375,2858.3017578125,1,0,0,0,0,0,0,0,0,0,0,0,0,0,0,0,backdash
0,3055.6572265625,481.51104736328125,0,0,0,0,0,0,0,0,0,0,0,0,0,0,0,0,run
0,2546.33837890625,384.59124755859375,0,0,0,0,0,0,0,0,0,0,0,0,0,0,0,0,6S
0,566.9859619140625,2324.5126953125,0,0,0,0,0,0,0,0,0,0,0,0,0,0,0,0,backdash
0,1873.36767578125,1976.130615234375,0,0,0,0,0,0,0,0,0,0,0,0,0,0,0,0,throw
0,2654.77490234375,1272.8153076171875,0,1,0,0,0,0,0,0,0,0,0,0,0,0,0,0,backdash
0,2801.348388671875,757.3603515625,0,0,0,0,0,0,0,0,0,0,0,0,0,0,0,0,run
0,462.73919677734375,238.71359252929688,0,0,0,0,0,0,0,0,0,0,0,0,0,0,0,0,DP
0,286.4752197265625,386.1500549316406,0,0,0,0,0,0,0,0,0,0,0,0,0,0,0,0,throw
0,640.4161987304688,289.1777648925781,0,0,0,0,0,0,0,0,0,0,0,0,0,0,0,0,6P
0,1196.3687744140625,2592.966552734375,0,0,0,0,0,0,0,0,0,0,0,0,0,0,0,0,backdash
0,724.8612670898438,3082.6552734375,0,0,0,0,0,0,0,0,0,0,0,0,0,0,0,0,run
0,2995.64892578125,1399.677978515625,0,0,0,0,0,0,0,0,0,0,0,0,0,0,0,0,run
0,2411.665771484375,1629.7791748046875,0,0,0,0,0,0,0,0,0,0,0,0,0,0,0,0,6P
0,2503.615234375,432.8993225097656,0,0,0,0,0,0,0,0,0,0,0,0,0,0,0,0,fafnir
0,353.4116516113281,1076.8519287109375,0,0,0,0,0,0,0,0,0,0,0,0,0,0,0,0,backdash
0,1588.9471435546875,51.5462646484375,0,1,0,0,0,0,0,0,0,0,0,0,0,0,0,0,run
0,338.8412170410156,200.18875122070312,0,1,0,0,0,0,0,0,0,0,0,0,0,0,0,0,c.S
0,319.2961730957031,304.9136047363281,1,0,0,0,0,0,0,0,0,0,0,0,0,0,0,0,DP
0,2442.718505859375,1419.94189453125,0,0,0,0,0,0,0,0,0,0,0,0,0,0,0,0,backdash
0,1291.653076171875,2835.591064453125,0,0,0,0,0,0,0,0,0,0,0,0,0,0,0,0,backdash
0,758.915771484375,3104.561767578125,0,0,0,0,0,0,0,0,0,0,0,0,0,0,0,0,run
0,2742.428466796875,1113.9853515625,0,0,0,0,0,0,0,0,0,0,0,0,0,0,0,0,run
5,2355.39306640625,1914.6737060546875,0,0,0,0,0,0,0,0,0,0,0,0,0,0,0,0,5K
0,475.15484619140625,236.9531707763672,0,0,0,0,0,0,0,0,0,0,0,0,0,0,0,0,run
-5,286.4752197265625,447.1373291015625,0,0,0,0,0,0,0,0,0,0,0,0,0,0,0,0,backdash
0,405.99664306640625,829.6434936523438,0,0,0,0,0,0,0,0,0,0,0,0,0,0,0,0,wild throw
0,1417.9310302734375,366.5181579589844,0,0,0,0,0,0,0,0,0,0,0,0,0,0,0,0,backdash
0,366.5181579589844,1527.997802734375,0,0,0,0,0,0,0,0,0,0,0,0,0,0,0,0,wild throw
0,1609.2904052734375,1344.5595703125,0,0,0,0,0,0,0,0,0,0,0,0,0,0,0,0,throw
0,354.7313537597656,3616.5029296875,0,0,0,0,0,0,0,0,0,0,0,0,0,0,0,0,run
0,2553.698974609375,1821.37548828125,0,0,0,0,0,0,0,0,0,0,0,0,0,0,0,0,backdash
0,1764.6910400390625,2975.763916015625,0,0,0,0,0,0,0,0,0,0,0,0,0,0,0,0,f.S
0,869.175537109375,3046.57568359375,0,0,0,0,0,0,0,0,0,0,0,0,0,0,0,0,run
0,2884.179931640625,1324.694580078125,0,0,0,0,0,0,0,0,0,0,0,0,0,0,0,0,6H
22,1446.37353515625,1894.548828125,0,0,0,0,0,0,0,0,0,0,0,0,0,0,0,0,throw
0,2552.483642578125,853.5214233398438,0,1,0,0,0,0,0,0,0,0,0,0,0,0,0,0,run
0,1570.4039306640625,1918.4417724609375,1,0,0,0,0,0,0,0,0,0,0,0,0,0,0,0,backdash
0,1177.7645263671875,2630.28564453125,0,0,0,0,0,0,0,0,0,0,0,0,0,0,0,0,f.S
0,2630.28564453125,1177.7645263671875,0,0,0,0,0,0,0,0,0,0,0,0,0,0,0,0,f.S
0,1275.383056640625,2567.587158203125,0,0,0,0,0,0,0,0,0,0,0,0,0,0,0,0,backdash
0,2567.587158203125,1275.383056640625,0,0,0,0,0,0,0,0,0,0,0,0,0,0,0,0,2D
0,751.6049194335938,3137.312255859375,0,0,0,0,0,0,0,0,0,0,0,0,0,0,0,0,run
0,2864.653564453125,1460.26025390625,0,0,0,0,0,0,0,0,0,0,0,0,0,0,0,0,f.S
0,1793.2904052734375,2114.24658203125,0,0,0,0,0,0,0,0,0,0,0,0,0,0,0,0,6P
2,1997.43701171875,1458.493408203125,0,0,0,0,0,0,1,0,0,0,0,0,0,0,1,0,5H
5,1307.9371337890625,1764.4578857421875,0,0,0,0,0,0,0,0,0,0,0,0,0,0,0,0,backdash
0,1755.601806640625,965.010986328125,0,0,0,0,0,0,0,0,0,0,0,0,0,0,0,0,f.S
0,286.45013427734375,1328.7945556640625,0,0,0,0,0,0,0,0,0,0,0,0,0,0,0,0,6P
0,1623.2740478515625,770.228759765625,0,0,0,0,0,0,0,0,0,0,0,0,0,0,0,0,f.S
0,471.89825439453125,261.43511962890625,0,0,0,0,0,0,0,0,0,0,0,0,0,0,0,0,run
0,165.1356201171875,327.2047119140625,0,0,0,0,0,0,0,0,0,0,0,0,0,0,0,0,c.S
0,361.9519958496094,316.71832275390625,0,0,0,0,0,0,0,0,0,0,0,0,0,0,0,0,backdash
0,286.2833251953125,602.0037841796875,0,0,0,0,0,0,0,0,0,0,0,0,0,0,0,0,wild throw
0,1486.88671875,207.1863250732422,0,1,0,0,0,0,0,0,0,0,0,0,0,0,0,0,backdash
0,280.1680908203125,2153.73486328125,0,0,0,0,0,0,0,0,0,0,0,0,0,0,0,0,backdash
0,1840.6390380859375,22.525428771972656,0,0,0,0,0,0,0,0,0,0,0,0,0,0,0,0,run
0,1577.7315673828125,283.96868896484375,0,0,0,0,0,0,0,0,0,0,0,0,0,0,0,0,f.S
0,283.96868896484375,1674.290771484375,0,0,0,0,0,0,0,0,0,0,0,0,0,0,0,0,f.S
0,1764.875,2515.1943359375,0,0,0,0,0,0,0,0,0,0,0,0,0,0,0,0,f.S
0,2325.408447265625,2319.92578125,0,0,0,0,0,0,0,0,0,0,0,0,0,0,0,0,DP
0,3034.13818359375,826.9169311523438,0,0,0,0,0,0,0,0,0,0,0,0,0,0,0,0,run
0,787.4326171875,2588.486572265625,0,0,0,0,0,0,0,0,0,0,0,0,0,0,0,0,backdash
0,2827.2177734375,708.25341796875,0,0,0,0,0,0,0,0,0,0,0,0,0,0,0,0,backdash
0,2857.947021484375,132.88970947265625,0,0,0,0,0,0,0,0,0,0,0,0,0,0,0,0,run
0,717.6494140625,3007.313720703125,0,0,0,0,0,0,0,0,0,0,0,0,0,0,0,0,run
0,2957.39111328125,1140.1953125,0,0,0,0,0,0,0,0,0,0,0,0,0,0,0,0,run
0,1843.2139892578125,888.3947143554688,0,0,0,0,0,0,0,0,0,0,0,0,0,0,0,0,2K
7,407.0118408203125,1559.747314453125,0,0,0,0,0,0,0,0,0,0,0,0,0,0,0,0,6S
7,349.6600646972656,2099.98095703125,0,0,0,0,0,0,0,0,0,0,0,0,0,0,0,0,DP
-7,2168.879638671875,1394.9674072265625,0,0,0,0,0,0,0,0,0,0,0,0,0,0,0,0,6S
0,755.3604736328125,2321.383056640625,0,0,0,0,0,0,0,0,0,0,0,0,0,0,0,0,f.S
0,475.3131103515625,261.3137512207031,0,0,0,0,0,0,0,0,0,0,0,0,0,0,0,0,c.S
3,745.2850952148438,302.5733642578125,0,0,0,0,0,1,1,1,1,1,1,0,0,1,1,1,2S
-7,984.2939453125,298.73260498046875,0,0,0,0,0,0,1,0,0,0,0,0,0,0,1,0,5H
0,2378.793701171875,328.25408935546875,0,0,0,0,0,0,0,0,0,0,0,0,0,0,0,0,6S
0,831.9249267578125,3612.785888671875,0,0,0,0,0,0,0,0,0,0,0,0,0,0,0,0,run
0,3358.79833984375,1011.8345947265625,0,0,0,0,0,0,0,0,0,0,0,0,0,0,0,0,run
0,1056.107177734375,2733.892333984375,0,0,0,0,0,0,0,0,0,0,0,0,0,0,0,0,2K
0,1105.617919921875,2685.78662109375,0,0,0,0,0,0,0,0,0,0,0,0,0,0,0,0,fafnir
0,1483.829833984375,2388.2705078125,0,0,0,0,0,0,0,0,0,0,0,0,0,0,0,0,run
0,2064.966064453125,2313.056396484375,0,0,0,0,0,0,0,0,0,0,0,0,0,0,0,0,throw
0,1197.25732421875,3179.046875,0,0,0,0,0,0,0,0,0,0,0,0,0,0,0,0,run
0,1923.7138671875,2231.638427734375,0,0,0,0,0,0,0,0,0,0,0,0,0,0,0,0,throw
0,3144.152587890625,3365.74609375,0,1,0,0,0,0,0,0,0,0,0,0,0,0,0,0,c.S
3,3206.83154296875,3564.5576171875,0,0,0,0,0,1,1,1,1,1,1,0,0,1,1,1,2D
-4,3373.207275390625,3597.41064453125,0,0,0,0,0,0,0,0,0,0,0,0,0,0,0,0,c.S
4,3573.96435546875,3503.28955078125,0,0,0,0,0,0,0,0,0,0,0,0,0,0,0,0,DP
0,2584.609130859375,1275.3927001953125,0,0,0,0,0,0,0,0,0,0,0,0,0,0,0,0,6H
0,2579.329833984375,914.4067993164062,0,1,0,0,0,0,0,0,0,0,0,0,0,0,0,0,6S
0,1239.4227294921875,1834.3165283203125,1,0,0,0,0,0,0,0,0,0,0,0,0,0,0,0,backdash
0,747.5772094726562,3005.7783203125,0,0,0,0,0,0,0,0,0,0,0,0,0,0,0,0,run
0,2971.94287109375,1041.154541015625,0,0,0,0,0,0,0,0,0,0,0,0,0,0,0,0,6P
0,1446.2720947265625,2573.894287109375,0,0,0,0,0,0,0,0,0,0,0,0,0,0,0,0,6P
0,1381.4693603515625,2496.414794921875,0,0,0,0,0,0,0,0,0,0,0,0,0,0,0,0,2S
0,2184.830322265625,1218.34033203125,0,0,0,0,0,0,0,0,0,0,0,0,0,0,0,0,fafnir
0,1673.8023681640625,262.80865478515625,0,0,0,0,0,0,0,0,0,0,0,0,0,0,0,0,fafnir
0,3162.3271484375,823.3153686523438,0,0,0,0,0,0,0,0,0,0,0,0,0,0,0,0,2S
0,2600.406494140625,1372.7508544921875,0,0,0,0,0,0,0,0,0,0,0,0,0,0,0,0,run
0,1665.0921630859375,1484.9384765625,0,0,0,0,0,0,0,0,0,0,0,0,0,0,0,0,throw
0,2524.25634765625,1494.010498046875,0,0,0,0,0,0,0,0,0,0,0,0,0,0,0,0,f.S
2,1969.133056640625,1436.5584716796875,0,0,0,0,0,0,1,0,0,0,0,0,0,0,1,0,5H
0,928.0255737304688,2700.576416015625,0,0,0,0,0,0,0,0,0,0,0,0,0,0,0,0,6S
0,2721.759033203125,1372.16650390625,0,0,0,0,0,0,0,0,0,0,0,0,0,0,0,0,run
0,3007.901611328125,1454.5823974609375,0,0,0,0,0,0,0,0,0,0,0,0,0,0,0,0,6S
0,1204.6236572265625,3072.51220703125,0,0,0,0,0,0,0,0,0,0,0,0,0,0,0,0,6S
0,3466.735595703125,1855.29150390625,0,0,0,0,0,0,0,0,0,0,0,0,0,0,0,0,6S
0,1346.806396484375,2356.22705078125,0,0,0,0,0,0,0,0,0,0,0,0,0,0,0,0,f.S
0,2381.07275390625,1750.3916015625,0,0,0,0,0,0,0,0,0,0,0,0,0,0,0,0,2K
0,1348.2406005859375,1665.5279541015625,0,0,0,0,0,0,0,0,0,0,0,0,0,0,0,0,backdash
0,1376.8045654296875,1089.917236328125,0,0,0,0,0,0,0,0,0,0,0,0,0,0,0,0,throw
0,1501.375732421875,1834.2901611328125,0,0,0,0,0,0,0,0,0,0,0,0,0,0,0,0,c.S
0,1987.2930908203125,2421.65771484375,0,0,0,0,0,0,0,0,0,0,0,0,0,0,0,0,throw
0,813.743896484375,3016.031982421875,0,0,0,0,0,0,0,0,0,0,0,0,0,0,0,0,backdash
0,3143.165283203125,624.8493041992188,0,0,0,0,0,0,0,0,0,0,0,0,0,0,0,0,fafnir
0,919.1905517578125,2481.65087890625,0,0,0,0,0,0,0,0,0,0,0,0,0,0,0,0,6S
0,2918.652099609375,1245.7747802734375,0,0,0,0,0,0,0,0,0,0,0,0,0,0,0,0,6P
0,1057.705078125,2452.7119140625,0,0,0,0,0,0,0,0,0,0,0,0,0,0,0,0,backdash
0,1730.736328125,2781.782470703125,0,0,0,0,0,0,0,0,0,0,0,0,0,0,0,0,backdash
-2,2516.816162109375,1509.2984619140625,0,0,1,0,0,0,0,0,1,1,1,1,0,0,0,0,2S
-7,2104.4306640625,1698.0440673828125,0,0,0,0,0,0,1,0,0,0,0,0,0,0,1,0,backdash
0,2534.0791015625,1329.3604736328125,0,0,0,0,0,0,0,0,0,0,0,0,0,0,0,0,f.S
2,2296.279296875,1267.71142578125,0,0,0,0,0,0,1,0,0,0,0,0,0,0,1,0,run
0,1721.6734619140625,1489.9996337890625,0,0,0,0,0,0,0,0,0,0,0,0,0,0,0,0,throw
0,1196.853271484375,3178.611328125,0,0,0,0,0,0,0,0,0,0,0,0,0,0,0,0,run
0,2222.306884765625,2392.9365234375,0,1,0,0,0,0,0,0,0,0,0,0,0,0,0,0,c.S
0,2230.562744140625,2259.515625,1,0,0,0,0,0,1,0,0,0,0,0,0,0,1,0,DP
0,2559.301513671875,1250.00390625,0,1,0,0,0,0,0,0,0,0,0,0,0,0,0,0,run
0,2567.631591796875,1204.1995849609375,0,0,0,0,0,0,0,0,0,0,0,0,0,0,0,0,2S
0,2870.93408203125,937.2493896484375,0,0,0,0,0,0,0,0,0,0,0,0,0,0,0,0,2S
0,882.9406127929688,2782.182373046875,0,0,0,0,0,0,0,0,0,0,0,0,0,0,0,0,2K
11,2315.972900390625,1146.0723876953125,0,0,0,0,0,0,0,0,0,0,0,0,0,0,0,0,f.S
0,3193.98095703125,591.5177612304688,0,0,0,0,0,0,0,0,0,0,0,0,0,0,0,0,run
0,2896.790283203125,695.5928344726562,0,0,0,0,0,0,0,0,0,0,0,0,0,0,0,0,2K
0,578.3516235351562,364.57989501953125,0,1,0,0,0,0,0,0,0,0,0,0,0,0,0,0,backdash
0,1264.1480712890625,289.34906005859375,0,0,0,0,0,0,0,0,0,0,0,0,0,0,0,0,f.S
2,579.9284057617188,234.97293090820312,0,0,0,0,0,0,1,0,0,0,0,0,0,0,1,0,5H
-2,234.97293090820312,1049.5147705078125,0,0,0,0,0,0,1,0,0,0,0,0,0,0,1,0,run
-7,2273.41162109375,2395.62744140625,0,0,0,0,0,0,0,0,0,0,0,0,0,0,0,0,throw
0,2380.406494140625,1381.619140625,0,1,0,0,0,0,0,0,0,0,0,0,0,0,0,0,backdash
0,1312.0076904296875,3021.854248046875,0,0,0,0,0,0,0,0,0,0,0,0,0,0,0,0,backdash
0,2813.638916015625,452.1058654785156,0,0,0,0,0,0,0,0,0,0,0,0,0,0,0,0,run
0,3352.132080078125,3598.82275390625,0,0,0,0,0,0,0,0,0,0,0,0,0,0,0,0,c.S
0,1153.845947265625,3256.462158203125,0,0,0,0,0,0,0,0,0,0,0,0,0,0,0,0,6S
0,2584.62841796875,1275.391357421875,0,0,0,0,0,0,0,0,0,0,0,0,0,0,0,0,run
0,1275.391357421875,2288.217529296875,0,0,0,0,0,0,0,0,0,0,0,0,0,0,0,0,run
0,2288.217529296875,1275.391357421875,0,0,0,0,0,0,0,0,0,0,0,0,0,0,0,0,f.S
2,1970.943603515625,1501.752197265625,0,0,0,0,0,0,1,0,0,0,0,0,0,0,1,0,5H
-2,1465.3612060546875,2053.7666015625,0,0,0,0,0,0,1,0,0,0,0,0,0,0,1,0,5K
0,1728.3597412109375,2391.41357421875,0,0,0,0,0,0,0,0,0,0,0,0,0,0,0,0,2S
0,3348.369384765625,230.3714599609375,0,0,0,0,0,0,0,0,0,0,0,0,0,0,0,0,run
0,1130.86279296875,2589.5546875,0,0,0,0,0,0,0,0,0,0,0,0,0,0,0,0,f.S
2,1497.8997802734375,2684.24072265625,0,0,0,0,0,0,1,0,0,0,0,0,0,0,1,0,run
0,1918.762451171875,2368.340087890625,0,0,0,0,0,0,0,0,0,0,0,0,0,0,0,0,c.S
3,1904.5382080078125,2379.51123046875,0,0,0,0,0,1,1,1,1,1,1,0,0,1,1,1,2S
-3,2343.519775390625,1727.9547119140625,0,0,0,0,0,1,1,1,1,1,1,0,0,1,1,1,2P
0,3352.132080078125,3556.5498046875,0,0,0,0,0,0,0,0,0,0,0,0,0,0,0,0,c.S
0,3506.251220703125,3509.56298828125,0,0,0,0,0,0,0,0,0,0,0,0,0,0,0,0,DP
-2,2498.800537109375,1866.3037109375,0,0,0,0,0,0,1,0,0,0,0,0,0,0,1,0,DP
0,2873.4970703125,569.672607421875,0,0,0,0,0,0,0,0,0,0,0,0,0,0,0,0,run
0,1902.8660888671875,1502.68212890625,0,0,0,0,0,0,0,0,0,0,0,0,0,0,0,0,5K
-14,2225.8447265625,1587.97900390625,0,0,0,0,0,0,0,1,1,1,1,0,0,0,0,1,6S
3,884.860595703125,249.6761474609375,0,0,0,0,0,1,1,1,1,1,1,0,0,1,1,1,2S
0,1549.4285888671875,325.7798767089844,0,0,0,0,0,0,0,0,0,0,0,0,0,0,0,0,run
0,940.3220825195312,328.25408935546875,0,0,0,0,0,0,0,0,0,0,0,0,0,0,0,0,wild throw
0,969.3118896484375,2254.2548828125,0,0,0,0,0,1,1,1,1,1,1,0,0,1,1,1,f.S
0,3284.66845703125,247.23483276367188,0,0,0,0,0,0,0,0,0,0,0,0,0,0,0,0,2P
0,2555.395263671875,1696.5960693359375,1,0,0,0,0,0,0,0,0,0,0,0,0,0,0,0,backdash
0,1684.7950439453125,2910.133544921875,0,0,0,0,0,0,0,0,0,0,0,0,0,0,0,0,backdash
0,3044.987060546875,776.2217407226562,0,0,0,0,0,0,0,0,0,0,0,0,0,0,0,0,f.S
0,769.6070556640625,2733.79833984375,0,0,0,0,0,0,0,0,0,0,0,0,0,0,0,0,6S
0,1276.556396484375,2583.445556640625,0,0,0,0,0,0,0,0,0,0,0,0,0,0,0,0,backdash
0,2583.445556640625,1276.556396484375,0,0,0,0,0,0,0,0,0,0,0,0,0,0,0,0,6H
0,755.673828125,2201.225830078125,0,0,0,0,0,0,0,0,0,0,0,0,0,0,0,0,f.S
11,3307.74462890625,3563.666015625,0,0,0,0,0,0,0,0,0,0,0,0,0,0,0,0,c.S
3,3105.135498046875,3555.98876953125,0,0,0,0,0,1,1,1,1,1,1,0,0,1,1,1,f.S
-3,3608.857666015625,247.85488891601562,0,0,0,0,0,1,1,1,1,1,1,0,0,1,1,1,run
0,2322.65234375,1043.150390625,0,0,0,0,0,0,0,0,0,0,0,0,0,0,0,0,run
0,1839.008544921875,1676.1143798828125,0,1,0,0,0,0,0,0,0,0,0,0,0,0,0,0,c.S
3,2045.5556640625,1492.5546875,0,1,0,0,0,1,1,1,1,1,1,0,0,1,1,1,f.S
-2,1459.3048095703125,2194.271728515625,1,0,0,0,0,0,1,0,0,0,0,0,0,0,1,0,run
0,1845.6170654296875,1888.69384765625,0,0,0,0,0,0,0,0,0,0,0,0,0,0,0,0,backdash
0,1888.69384765625,1845.6170654296875,0,0,0,0,0,0,0,0,0,0,0,0,0,0,0,0,run
0,1675.4337158203125,1044.78271484375,0,0,0,0,0,0,0,0,0,0,0,0,0,0,0,0,throw
0,1464.7991943359375,2177.79150390625,0,0,0,0,0,0,0,0,0,0,0,0,0,0,0,0,f.S
0,2860.508544921875,3055.819580078125,0,0,0,0,0,0,0,0,0,0,0,0,0,0,0,0,c.S
0,2979.560302734375,2769.572509765625,0,0,0,0,0,0,0,0,0,0,0,0,0,0,0,0,5K
0,2186.37060546875,3575.611572265625,0,0,0,0,0,0,0,0,0,0,0,0,0,0,0,0,run
0,2579.964111328125,3598.70849609375,0,0,0,0,0,0,0,0,0,0,0,0,0,0,0,0,f.S
0,1297.2750244140625,2584.6064453125,0,0,0,0,0,0,0,0,0,0,0,0,0,0,0,0,5P
0,2679.06982421875,1247.9483642578125,0,0,0,0,0,0,0,0,0,0,0,0,0,0,0,0,backdash
0,1060.3572998046875,3399.63232421875,0,0,0,0,0,0,0,0,0,0,0,0,0,0,0,0,f.S
0,2945.05078125,1658.52880859375,0,0,0,0,0,0,0,0,0,0,0,0,0,0,0,0,6S
0,2308.252197265625,878.02099609375,0,0,0,0,0,0,0,0,0,0,0,0,0,0,0,0,run
0,2207.622802734375,1142.0457763671875,0,0,0,0,0,0,0,0,0,0,0,0,0,0,0,0,2P
0,2455.8125,1502.94140625,0,0,0,0,0,0,0,0,0,0,0,0,0,0,0,0,f.S
2,1876.315185546875,1419.19091796875,0,0,0,0,0,0,1,0,0,0,0,0,0,0,1,0,5H
0,528.2183837890625,303.5571594238281,0,0,0,0,0,0,0,0,0,0,0,0,0,0,0,0,2K
-2,231.9266357421875,503.0093994140625,0,0,0,0,0,0,1,0,0,0,0,0,0,0,1,0,run
2,572.2510986328125,262.8070373535156,0,0,0,0,0,0,1,0,0,0,0,0,0,0,1,0,c.S
3,617.5765380859375,302.76763916015625,0,0,0,0,0,1,1,1,1,1,1,0,0,1,1,1,c.S
28,1573.9583740234375,837.5823364257812,0,0,0,0,0,0,0,0,0,0,0,0,0,0,0,0,run
0,2158.36181640625,1230.7447509765625,1,0,0,0,0,0,0,0,0,0,0,0,0,0,0,0,backdash
-28,1058.876953125,3053.623291015625,0,0,0,0,0,0,0,0,0,0,0,0,0,0,0,0,run
0,960.0311889648438,3055.662353515625,0,0,0,0,0,0,0,0,0,0,0,0,0,0,0,0,backdash
0,3010.326416015625,515.9258422851562,0,0,0,0,0,0,0,0,0,0,0,0,0,0,0,0,6S
0,741.344970703125,2551.113037109375,0,0,0,0,0,0,0,0,0,0,0,0,0,0,0,0,backdash
0,113.17973327636719,2779.328369140625,0,0,0,0,0,0,0,0,0,0,0,0,0,0,0,0,run
0,3008.864013671875,1050.706298828125,0,0,0,0,0,0,0,0,0,0,0,0,0,0,0,0,run
0,1357.874755859375,2560.31982421875,0,0,0,0,0,0,0,1,1,1,1,0,0,0,0,1,f.S
2,1923.2216796875,2285.326416015625,0,0,0,0,0,0,1,0,0,0,0,0,0,0,1,0,5H
5,1284.5,3121.406005859375,0,0,0,0,0,0,0,0,0,0,0,0,0,0,0,0,run
0,1689.1905517578125,2964.997802734375,0,0,0,0,0,0,0,0,0,0,0,0,0,0,0,0,6S
0,2882.352294921875,1607.9981689453125,0,0,0,0,0,0,0,0,0,0,0,0,0,0,0,0,backdash
3,3251.6357421875,3506.94189453125,0,0,0,0,0,1,1,1,1,1,1,0,0,1,1,1,backdash
0,3432.425048828125,3200.464599609375,0,0,0,0,0,1,1,1,1,1,1,0,0,1,1,1,5K
0,2898.263671875,1633.1522216796875,0,0,0,0,0,0,0,0,0,0,0,0,0,0,0,0,6S
0,2567.353759765625,1505.4783935546875,0,0,0,0,0,0,0,0,0,0,0,0,0,0,0,0,f.S
2,2093.116455078125,1355.486572265625,0,0,0,0,0,0,1,0,0,0,0,0,0,0,1,0,5H
0,2583.4775390625,1276.56396484375,0,0,0,0,0,0,0,0,0,0,0,0,0,0,0,0,5P
0,1289.544189453125,2605.94091796875,0,0,0,0,0,0,0,0,0,0,0,0,0,0,0,0,2S
0,2604.89892578125,1417.9149169921875,0,0,0,0,0,0,0,0,0,0,0,0,0,0,0,0,f.S
0,1746.9053955078125,1191.072021484375,0,0,0,0,0,0,0,0,0,0,0,0,0,0,0,0,2K
0,1160.840087890625,1844.6072998046875,0,0,0,0,0,0,0,0,0,0,0,0,0,0,0,0,burst
0,1745.0340576171875,2140.455322265625,0,0,0,0,0,0,0,0,0,0,0,0,0,0,0,0,f.S
0,1676.3802490234375,299.826416015625,0,0,0,0,0,0,0,0,0,0,0,0,0,0,0,0,2S
0,857.2848510742188,3562.53515625,0,0,0,0,0,0,0,0,0,0,0,0,0,0,0,0,run
0,2161.99169921875,119.95724487304688,0,0,0,0,0,0,0,0,0,0,0,0,0,0,0,0,run
0,451.9208984375,858.9756469726562,1,0,0,0,0,0,0,0,0,0,0,0,0,0,0,0,DP
0,654.794921875,575.8282470703125,0,0,0,0,0,0,0,0,0,0,0,0,0,0,0,0,2P
2,1471.0162353515625,2611.881103515625,0,0,0,0,0,0,1,0,0,0,0,0,0,0,1,0,run
0,2315.110107421875,1834.58349609375,0,0,0,0,0,0,1,0,0,0,0,0,0,0,1,0,2P
0,1834.58349609375,2315.110107421875,0,0,0,0,0,0,0,0,0,0,0,0,0,0,0,0,2P
0,1022.2362060546875,2537.395751953125,0,0,0,0,0,0,0,0,0,0,0,0,0,0,0,0,6S
0,2660.167724609375,1451.9705810546875,0,0,0,0,0,0,0,0,0,0,0,0,0,0,0,0,backdash
0,2946.44384765625,1390.4195556640625,0,0,0,0,0,0,0,0,0,0,0,0,0,0,0,0,2S
0,1324.693115234375,2896.366455078125,0,0,0,0,0,0,0,0,0,0,0,0,0,0,0,0,run
0,1527.2078857421875,2592.645263671875,0,0,0,0,0,0,0,0,0,0,0,0,0,0,0,0,backdash
0,2730.00244140625,1310.5269775390625,0,0,0,0,0,0,0,0,0,0,0,0,0,0,0,0,backdash
0,3083.5908203125,614.0376586914062,0,0,0,0,0,0,0,0,0,0,0,0,0,0,0,0,2S
0,606.7341918945312,3112.886962890625,0,0,0,0,0,0,0,0,0,0,0,0,0,0,0,0,run
0,1878.606201171875,1075.871337890625,0,0,0,0,0,0,0,0,0,0,0,0,0,0,0,0,2D
0,660.0451049804688,303.56060791015625,0,0,0,0,0,0,0,0,0,0,0,0,0,0,0,0,backdash
0,2553.03076171875,2069.200439453125,0,0,0,0,0,0,0,0,0,0,0,0,0,0,0,0,backdash
0,2157.53515625,2848.462158203125,0,0,0,0,0,0,0,0,0,0,0,0,0,0,0,0,f.S
0,2070.721435546875,2768.015869140625,0,0,0,0,0,0,0,0,0,0,0,0,0,0,0,0,2S
0,2683.883056640625,1922.9908447265625,0,0,0,0,0,0,0,0,0,0,0,0,0,0,0,0,backdash
0,1275.3927001953125,2584.609130859375,0,0,0,0,0,0,0,0,0,0,0,0,0,0,0,0,2S
0,2584.609130859375,1275.3927001953125,0,0,0,0,0,0,0,0,0,0,0,0,0,0,0,0,backdash
0,904.9613037109375,3076.14794921875,0,0,0,0,0,0,0,0,0,0,0,0,0,0,0,0,backdash
0,3097.81396484375,655.8873901367188,0,0,0,0,0,0,0,0,0,0,0,0,0,0,0,0,6S
0,2944.8564453125,664.7999877929688,0,0,0,0,0,0,0,0,0,0,0,0,0,0,0,0,fafnir
0,1130.157470703125,2802.751220703125,0,0,0,0,0,0,0,0,0,0,0,0,0,0,0,0,run
0,1416.25927734375,2862.635986328125,0,0,0,0,0,0,0,0,0,0,0,0,0,0,0,0,backdash
0,2930.343505859375,682.3898315429688,0,0,0,0,0,0,0,0,0,0,0,0,0,0,0,0,backdash
0,3449.623779296875,610.6300659179688,0,0,0,0,0,0,0,0,0,0,0,0,0,0,0,0,run
0,225.29421997070312,326.0234375,0,0,0,0,0,0,0,0,0,0,0,0,0,0,0,0,c.S
3,1142.6610107421875,306.1296081542969,0,0,0,0,0,1,1,1,1,1,1,0,0,1,1,1,f.S
2,1196.9166259765625,300.7519836425781,0,0,0,0,0,0,1,0,0,0,0,0,0,0,1,0,2S
-2,300.7519836425781,1239.8072509765625,0,0,0,0,0,0,1,0,0,0,0,0,0,0,1,0,DP
0,1083.8099365234375,2687.357177734375,0,0,0,0,0,0,0,0,0,0,0,0,0,0,0,0,6S
0,1648.9378662109375,2744.79150390625,0,0,0,0,0,0,0,0,0,0,0,0,0,0,0,0,fafnir
0,1543.553955078125,2494.287841796875,0,0,0,0,0,0,0,0,0,0,0,0,0,0,0,0,run
-11,2322.07177734375,2071.584716796875,0,0,0,0,0,0,0,0,0,0,0,0,0,0,0,0,backdash
0,1928.89453125,2650.1787109375,0,0,0,0,0,0,0,0,0,0,0,0,0,0,0,0,2K
0,3490.54443359375,3573.21826171875,0,0,0,0,0,0,0,0,0,0,0,0,0,0,0,0,backdash
0,2480.420166015625,3534.26806640625,0,0,0,0,0,0,0,0,0,0,0,0,0,0,0,0,2P
0,2342.21484375,3526.77294921875,0,0,0,0,0,0,0,0,0,0,0,0,0,0,0,0,backdash
0,3515.87841796875,1679.941162109375,0,0,0,0,0,0,0,0,0,0,0,0,0,0,0,0,2S
0,1664.999267578125,3559.2490234375,0,0,0,0,0,0,0,0,0,0,0,0,0,0,0,0,backdash
-14,2444.118408203125,436.9115905761719,0,0,0,0,0,0,0,1,1,1,1,0,0,0,0,1,6S
0,1696.8359375,1425.87255859375,0,0,0,0,0,0,0,0,0,0,0,0,0,0,0,0,wild throw
0,1284.3216552734375,2894.672607421875,0,1,0,0,0,0,0,0,0,0,0,0,0,0,0,0,run
0,2439.105224609375,1846.598388671875,0,0,0,0,0,0,0,1,1,1,1,0,0,0,0,1,backdash
0,1755.125244140625,2900.07763671875,0,0,0,0,0,0,0,0,0,0,0,0,0,0,0,0,2P
0,1410.339111328125,2685.626708984375,0,0,0,0,0,0,0,0,0,0,0,0,0,0,0,0,2S
0,1101.980712890625,2684.111572265625,0,0,0,0,0,0,0,0,0,0,0,0,0,0,0,0,backdash
0,3049.01220703125,750.0714111328125,0,0,0,0,0,0,0,0,0,0,0,0,0,0,0,0,run
0,2498.134033203125,812.6734008789062,0,0,0,0,0,0,0,0,0,0,0,0,0,0,0,0,6P
-7,1058.047607421875,2995.268310546875,0,0,0,0,0,0,0,0,0,0,0,0,0,0,0,0,fafnir
7,2960.378173828125,2050.74267578125,0,0,0,0,0,0,0,0,0,0,0,0,0,0,0,0,6P
0,2606.72021484375,447.3863830566406,0,1,0,0,0,0,0,0,0,0,0,0,0,0,0,0,6S
0,2583.4775390625,1195.5321044921875,0,0,0,0,0,0,0,0,0,0,0,0,0,0,0,0,f.S
0,2337.272216796875,1255.02685546875,0,0,0,0,0,0,0,0,0,0,0,0,0,0,0,0,run
0,1291.4117431640625,1855.2764892578125,0,0,0,0,0,0,0,0,0,0,0,0,0,0,0,0,5K
-7,1947.0335693359375,2158.059326171875,0,1,0,0,0,0,0,0,0,0,0,0,0,0,0,0,c.S
0,2373.77294921875,1511.197265625,1,0,0,0,0,0,0,0,0,0,0,0,0,0,0,0,5K
0,1412.6923828125,2318.297607421875,0,0,0,0,0,0,0,0,0,0,0,0,0,0,0,0,f.S
0,1055.17822265625,2647.3076171875,0,0,0,0,0,0,0,0,0,0,0,0,0,0,0,0,f.S
0,2497.6953125,1526.4625244140625,0,0,0,0,0,0,0,0,0,0,0,0,0,0,0,0,f.S
0,1164.1611328125,2838.975341796875,0,0,0,0,0,0,0,0,0,0,0,0,0,0,0,0,2S
0,2738.7333984375,1071.0106201171875,0,0,0,0,0,0,0,0,0,0,0,0,0,0,0,0,fafnir
0,3117.56640625,3535.154052734375,0,0,0,0,0,0,0,0,0,0,0,0,0,0,0,0,c.S
3,2957.560546875,3557.81201171875,0,0,0,0,0,1,1,1,1,1,1,0,0,1,1,1,f.S
-14,2720.711669921875,3525.04345703125,0,0,0,0,0,0,0,1,1,1,1,0,0,0,0,1,6S
-14,2876.988525390625,3624.9921875,0,0,0,0,0,0,0,1,1,1,1,0,0,0,0,1,run
14,3622.05859375,3697.054931640625,0,0,0,0,0,0,0,1,1,1,1,0,0,0,0,1,run
0,3718.677978515625,3533.97412109375,0,0,0,0,0,0,0,0,0,0,0,0,0,0,0,0,5K
-14,2745.488525390625,1021.406982421875,0,0,0,0,0,0,0,1,1,1,1,0,0,0,0,1,6S
14,959.623779296875,2465.2763671875,0,0,0,0,0,0,0,1,1,1,1,0,0,0,0,1,backdash
0,2129.571533203125,2474.57177734375,0,0,0,0,0,0,0,0,0,0,0,0,0,0,0,0,wild throw
0,2301.860107421875,1942.4395751953125,0,0,0,0,0,0,0,0,0,0,0,0,0,0,0,0,6S
0,2577.054443359375,933.7448120117188,0,1,0,0,0,0,0,0,0,0,0,0,0,0,0,0,run
0,2136.257568359375,1129.5848388671875,0,1,0,0,0,0,0,0,0,0,0,0,0,0,0,0,f.S
0,2251.19140625,1463.3770751953125,0,0,0,0,0,0,0,0,0,0,0,0,0,0,0,0,f.S
0,1234.0999755859375,2446.849609375,0,0,0,0,0,0,0,0,0,0,0,0,0,0,0,0,f.S
2,1740.6402587890625,2550.614501953125,0,0,0,0,0,0,1,0,0,0,0,0,0,0,1,0,5H
-2,3244.770751953125,251.1336669921875,0,0,0,0,0,0,1,0,0,0,0,0,0,0,1,0,run
0,1696.9658203125,1899.166259765625,1,0,0,0,0,0,0,0,0,0,0,0,0,0,0,0,backdash
0,1596.415771484375,3534.087158203125,0,0,0,0,0,0,0,0,0,0,0,0,0,0,0,0,6S
0,2138.3212890625,3556.453857421875,0,0,0,0,0,0,0,0,0,0,0,0,0,0,0,0,fafnir
0,3506.883056640625,2943.05712890625,0,0,0,0,0,0,0,0,0,0,0,0,0,0,0,0,6P
0,966.9955444335938,2363.84619140625,0,0,0,0,0,0,0,0,0,0,0,0,0,0,0,0,2S
0,1083.2138671875,2777.26513671875,0,0,0,0,0,0,0,0,0,0,0,0,0,0,0,0,backdash
0,2967.29541015625,764.4527587890625,0,0,0,0,0,0,0,0,0,0,0,0,0,0,0,0,run
0,2635.58642578125,874.0604858398438,0,0,0,0,0,0,0,0,0,0,0,0,0,0,0,0,2S
0,923.7947998046875,2763.52001953125,0,0,0,0,0,0,0,0,0,0,0,0,0,0,0,0,6S
-14,2213.39697265625,1716.440673828125,0,0,0,0,0,0,0,1,1,1,1,0,0,0,0,1,6S
0,3015.18505859375,736.8447875976562,0,0,0,0,0,0,0,0,0,0,0,0,0,0,0,0,6S
0,1972.2591552734375,1426.0853271484375,0,0,0,0,0,0,0,0,0,0,0,0,0,0,0,0,5K
-14,2314.85009765625,1589.55517578125,0,0,0,0,0,0,0,1,1,1,1,0,0,0,0,1,6S
7,1186.056396484375,2086.830322265625,0,0,0,0,0,0,0,0,0,0,0,0,0,0,0,0,6P
-7,2096.11083984375,1206.558349609375,0,0,0,0,0,0,0,0,0,0,0,0,0,0,0,0,backdash
0,2964.05322265625,1110.0389404296875,0,0,0,0,0,0,0,0,0,0,0,0,0,0,0,0,6S
0,843.9230346679688,2584.4248046875,0,0,0,0,0,0,0,0,0,0,0,0,0,0,0,0,2S
0,250.6677703857422,3629.61474609375,0,0,0,0,0,0,0,0,0,0,0,0,0,0,0,0,run
0,3096.273193359375,762.296630859375,0,0,0,0,0,0,0,0,0,0,0,0,0,0,0,0,6S
0,929.0926513671875,2596.60302734375,0,0,0,0,0,0,0,0,0,0,0,0,0,0,0,0,run
0,2401.53369140625,2549.5966796875,0,0,0,0,0,0,0,0,0,0,0,0,0,0,0,0,throw
0,1065.8740234375,2801.5498046875,0,0,0,0,0,0,0,0,0,0,0,0,0,0,0,0,f.S
0,2812.126953125,1455.9307861328125,0,0,0,0,0,0,0,0,0,0,0,0,0,0,0,0,6S
0,1181.8695068359375,582.8077392578125,0,0,0,0,0,0,0,0,0,0,0,0,0,0,0,0,run
0,452.3885498046875,322.9622802734375,0,0,0,0,0,0,0,0,0,0,0,0,0,0,0,0,c.S
0,386.6262512207031,1163.4635009765625,0,0,0,0,0,0,0,0,0,0,0,0,0,0,0,0,f.S
-15,2164.547607421875,2055.41259765625,0,0,0,0,0,0,0,0,0,0,0,0,0,0,0,0,DP
